AnimalID,Age,Nutrients,Animal,Exp,t h a1,t h t1,t h t2,t h i,h h a1,h h t1,h h t2,h h i,t bwm a1,t bwm t1,t bwm t2,t bwm i,h bwm a1,h bwm t1,h bwm t2,h bwm i,pm a1,pm t1,pm t2,pm i,g a1,g t1,g t2,g i
CMFLIM10 Day1 AL Animal4,1,AL,4,CMFLIM10,0.639732157,0.5548655,2.945077,10687.58045,0.677202802,0.5758245,3.1142035,9566.999626,0.710009643,0.58454,2.9100555,5351.375233,0.7167541,0.6294365,3.0468735,11895.97296,0.710730208,0.603892,2.8386195,14161.83339,#N/A,#N/A,#N/A,#N/A
CMFLIM12 Day11 AL Animal11,11,AL,11,CMFLIM12,0.729940104,0.579172,2.938507,6952.236025,0.751200768,0.510305,2.8129495,7435.690919,0.747783717,0.5491515,2.5325885,7894.334551,0.705834511,0.60617,2.5973275,6119.214088,0.75050572,0.5196385,2.4840335,9687.049394,#N/A,#N/A,#N/A,#N/A
CMFLIM12 Day11 AL Animal12,11,AL,12,CMFLIM12,#N/A,#N/A,#N/A,#N/A,0.655565109,0.5506065,3.4003575,6093.148946,0.490395551,0.805272,5.6435305,12086.47919,0.763348685,0.5713655,2.9845425,5550.804324,0.714118901,0.57465,3.2665495,8543.062395,#N/A,#N/A,#N/A,#N/A
CMFLIM10 Day11 AL Animal1,11,AL,1,CMFLIM10,0.392797926,0.980733,5.5676965,22319.79368,0.581447119,0.512213,3.301186,13940.88961,#N/A,#N/A,#N/A,#N/A,0.629037209,0.6443815,3.375115,7779.950743,0.587998167,0.56134,3.527709,9316.539433,#N/A,#N/A,#N/A,#N/A
CMFLIM12 Day11 AL Animal1,11,AL,1,CMFLIM12,0.635306266,0.6605195,3.5666025,10455.99845,0.696010022,0.5560835,3.0218265,8445.393176,0.719301555,0.5831935,3.302379,10035.85323,0.708916006,0.6086595,2.759798,9715.805835,0.702287912,0.559537,2.8858745,8683.16892,#N/A,#N/A,#N/A,#N/A
CMFLIM12 Day11 AL Animal3,11,AL,3,CMFLIM12,0.544421102,0.565032,4.1400095,12362.57626,0.693467936,0.54815,2.959743,8378.090397,0.787839819,0.511609,3.499915,11705.29732,0.773833463,0.5367505,2.7263975,6635.500283,0.697838026,0.57562,2.6335615,12687.85702,#N/A,#N/A,#N/A,#N/A
CMFLIM14 Day11 AL Animal4,11,AL,4,CMFLIM14,0.647065141,0.6029275,3.2890855,11950.55793,0.551821351,0.7115245,3.7365495,6495.30722,0.672447262,0.52777,2.86169,5331.134806,0.758328557,0.5785875,2.946231,6426.560125,0.440046062,0.755615,4.601246,3594.709567,#N/A,#N/A,#N/A,#N/A
CMFLIM12 Day11 AL Animal5,11,AL,5,CMFLIM12,0.636372076,0.527699,3.663272,8473.414531,0.698876671,0.5459885,3.4651775,3193.27122,#N/A,#N/A,#N/A,#N/A,0.730693333,0.50384,2.848512,2653.726576,0.67392398,0.5781345,2.9623085,5571.828731,#N/A,#N/A,#N/A,#N/A
CMFLIM14 Day11 AL Animal5,11,AL,5,CMFLIM14,#N/A,#N/A,#N/A,#N/A,0.444965721,2.3870545,9.7155875,9852.628309,0.765833505,0.52781,3.148865,3444.786952,0.721028211,0.597133,3.444125,2768.979663,0.417616413,0.673001,6.3833805,5111.925038,#N/A,#N/A,#N/A,#N/A
CMFLIM12 Day11 AL Animal8,11,AL,8,CMFLIM12,0.422660475,0.7966555,5.306871,17410.78243,0.723509354,0.534808,2.864807,8220.547184,0.463952823,0.521061,5.5237435,13183.6964,0.728857823,0.5377095,2.538332,9316.180286,0.720262625,0.5767355,2.7881535,10286.06744,#N/A,#N/A,#N/A,#N/A
CMFLIM12 Day11 DR Animal10,11,DR,10,CMFLIM12,0.626919878,0.591905,3.142587,9032.783518,0.668532006,0.590963,2.87978,15715.90858,0.727214557,0.5583415,2.6019905,3446.893199,0.736411688,0.628426,2.6735035,11370.19794,0.755683936,0.5528715,2.378681,13276.63613,#N/A,#N/A,#N/A,#N/A
CMFLIM10 Day11 DR Animal11,11,DR,11,CMFLIM10,0.71018224,0.597552,2.508754,6284.972486,0.669252976,0.5883535,2.7178885,7176.677114,0.730871827,0.5681155,2.608165,9477.35732,0.75393564,0.6726945,2.8695655,10900.33577,0.742841543,0.544557,2.416159,11810.56447,#N/A,#N/A,#N/A,#N/A
CMFLIM12 Day11 DR Animal11,11,DR,11,CMFLIM12,0.684404978,0.6700905,3.186077,3729.790741,0.651129709,0.6330185,2.9859515,6000.152573,0.758949168,0.6156345,2.656168,2590.68758,0.726030105,0.588025,2.7128185,2918.536194,0.727762299,0.569905,2.5121195,5574.998558,#N/A,#N/A,#N/A,#N/A
CMFLIM10 Day11 DR Animal12,11,DR,12,CMFLIM10,0.650010432,0.634634,2.890808,12764.54309,0.56510658,0.7337845,3.8376675,15693.35369,0.741981108,0.620948,2.802057,6785.51388,0.566164078,0.682732,4.038445,15310.69114,0.59932023,0.644788,3.970394,20277.31899,#N/A,#N/A,#N/A,#N/A
CMFLIM12 Day11 DR Animal12,11,DR,12,CMFLIM12,#N/A,#N/A,#N/A,#N/A,0.63118281,0.631868,3.4488575,4390.198267,0.737955538,0.595889,2.79178,2630.857224,0.742003418,0.6387785,3.440827,2796.860421,0.711996355,0.586961,2.965194,3971.911219,#N/A,#N/A,#N/A,#N/A
CMFLIM10 Day11 DR Animal1,11,DR,1,CMFLIM10,0.615795438,0.595546,2.883336,4788.317422,0.674336172,0.624921,2.8394435,13671.04054,0.769236917,0.5917555,2.767486,11880.40695,0.74533523,0.6222455,2.7109145,10325.5842,0.731622,0.578642,2.522484,12604.0014,#N/A,#N/A,#N/A,#N/A
CMFLIM12 Day11 DR Animal1,11,DR,1,CMFLIM12,0.660142129,0.6934785,3.2410075,9160.764648,0.681054097,0.558387,2.849626,14678.0797,0.73122111,0.656946,2.900518,2935.529639,0.738555722,0.6001535,2.669902,5116.53415,0.771735483,0.5142155,2.3922755,11843.37349,#N/A,#N/A,#N/A,#N/A
CMFLIM14 Day11 DR Animal1,11,DR,1,CMFLIM14,0.67240582,0.584007,2.925365,10524.47123,0.670427824,0.55792,2.806993,12494.10698,0.760326564,0.5785455,2.572941,8099.770795,0.733449462,0.613817,2.6889775,6052.392775,0.759152845,0.551747,2.731798,6589.798003,#N/A,#N/A,#N/A,#N/A
CMFLIM10 Day11 DR Animal2,11,DR,2,CMFLIM10,0.693572357,0.5813145,3.3247725,10862.41994,0.632390603,0.6903615,3.1348705,10768.17751,0.747984331,0.553652,2.731315,7300.252628,0.774000984,0.6292225,2.908047,11382.82211,0.725088996,0.595184,2.7541035,8247.347617,#N/A,#N/A,#N/A,#N/A
CMFLIM12 Day11 DR Animal2,11,DR,2,CMFLIM12,0.527264591,0.726936,3.97392,8898.764829,0.583648878,0.675676,3.3741985,7430.255325,0.709752327,0.602685,3.223208,1844.849585,#N/A,#N/A,#N/A,#N/A,0.657916019,0.6664025,3.2424685,6601.343403,#N/A,#N/A,#N/A,#N/A
CMFLIM14 Day11 DR Animal2,11,DR,2,CMFLIM14,0.656635134,0.561917,3.028997,4149.029913,0.628845814,0.6258015,3.0839455,10503.95638,0.750516288,0.565164,2.6616775,1438.292812,#N/A,#N/A,#N/A,#N/A,0.658644121,0.60935,2.8056975,4740.834779,#N/A,#N/A,#N/A,#N/A
CMFLIM12 Day11 DR Animal3,11,DR,3,CMFLIM12,#N/A,#N/A,#N/A,#N/A,0.596971261,0.67697,3.7456615,6977.578401,0.758629403,0.5038105,3.125923,1872.77697,#N/A,#N/A,#N/A,#N/A,0.704569917,0.7815885,3.4603285,4922.335438,#N/A,#N/A,#N/A,#N/A
CMFLIM14 Day11 DR Animal3,11,DR,3,CMFLIM14,0.667206953,0.515011,2.8173475,9009.920689,0.667012685,0.5741065,2.9442285,14198.2404,0.691286844,0.5529085,2.632579,3103.046131,0.677542319,0.558208,2.814442,5798.280643,0.684614199,0.619798,2.7758985,11133.45128,0.633177746,0.604493,2.8890365,2723.876102
CMFLIM12 Day11 DR Animal4,11,DR,4,CMFLIM12,0.7122278,0.468002,2.7635695,6590.655809,0.707301429,0.5543135,2.8612735,3815.854545,0.744671031,0.550029,2.477545,4290.460565,0.735816235,0.6946715,2.900833,3121.013678,0.769508105,0.52491,2.3441815,4193.46655,#N/A,#N/A,#N/A,#N/A
CMFLIM12 Day11 DR Animal5,11,DR,5,CMFLIM12,0.686855841,0.581909,2.933601,5414.692015,0.709572165,0.5770855,2.859215,7311.501996,0.736989337,0.6180765,2.704686,4537.143553,0.737386012,0.6247995,2.6292045,3437.525962,0.780651926,0.532077,2.4959515,5306.095005,#N/A,#N/A,#N/A,#N/A
CMFLIM14 Day11 DR Animal5,11,DR,5,CMFLIM14,#N/A,#N/A,#N/A,#N/A,0.628450924,0.5796315,2.8226975,4282.908694,0.791761731,0.5244415,2.4624845,4367.224127,0.721070749,0.5968905,2.696001,3179.559145,0.751478234,0.557266,2.6595095,6589.009975,0.725105634,0.5575275,2.8400345,4755.56813
CMFLIM10 Day11 DR Animal6,11,DR,6,CMFLIM10,0.740069177,0.5563405,2.521568,11919.96264,0.664145083,0.5814715,2.8949305,7788.55042,0.681820223,0.558345,2.6307375,8558.61455,0.739951259,0.6571835,2.9086375,8933.625841,0.703975346,0.609186,2.59925,8681.092729,#N/A,#N/A,#N/A,#N/A
CMFLIM12 Day11 DR Animal6,11,DR,6,CMFLIM12,0.684066446,0.539889,2.987251,5042.09633,0.582997824,0.592813,3.132546,3767.282312,0.785088438,0.5164605,2.592692,4810.067214,0.750519631,0.5646675,2.6044095,3174.909734,0.605840291,0.521919,3.693957,6188.417668,#N/A,#N/A,#N/A,#N/A
CMFLIM14 Day11 DR Animal6,11,DR,6,CMFLIM14,0.63967215,0.5748465,2.8530735,10856.20969,0.595583668,0.632767,2.9007115,4952.978832,0.770950244,0.552037,2.798373,4412.363528,0.71885933,0.628402,2.7824155,3980.148988,0.719334574,0.603469,2.714891,4150.483771,#N/A,#N/A,#N/A,#N/A
CMFLIM12 Day11 DR Animal7,11,DR,7,CMFLIM12,0.689913442,0.578299,2.849731,6274.409533,0.721634066,0.543477,2.823256,5240.219899,0.775649663,0.5999275,2.7047995,2958.110059,0.73257282,0.623978,2.65977,2483.533805,0.737340145,0.5571285,2.390089,5681.78026,#N/A,#N/A,#N/A,#N/A
CMFLIM14 Day11 DR Animal7,11,DR,7,CMFLIM14,0.674477809,0.599033,3.0897575,4266.161742,0.723719827,0.589617,2.86561,10339.76402,0.739746578,0.639435,3.1912585,2781.577415,0.718745826,0.636274,2.7798605,4130.963543,0.761633582,0.546867,2.485561,7123.469112,#N/A,#N/A,#N/A,#N/A
CMFLIM12 Day11 DR Animal8,11,DR,8,CMFLIM12,#N/A,#N/A,#N/A,#N/A,0.677392772,0.6022725,2.9228455,7326.795701,#N/A,#N/A,#N/A,#N/A,0.743749535,0.634884,2.78795,3542.712217,0.749614807,0.5802225,2.534464,6142.085333,#N/A,#N/A,#N/A,#N/A
CMFLIM14 Day11 DR Animal9,11,DR,9,CMFLIM14,#N/A,#N/A,#N/A,#N/A,0.545936527,0.7100105,4.077582,13291.35272,0.667745057,0.5340345,4.1312635,3154.584535,0.565076614,0.7927005,4.0758295,10673.46826,0.563788412,0.6797825,4.1442785,17059.35612,#N/A,#N/A,#N/A,#N/A
CMFLIM10 Day1 AL Animal10,1,AL,10,CMFLIM10,0.64949106,0.573004,2.9252115,10388.02461,0.689437297,0.600608,3.093144,6951.714942,0.736657157,0.5873625,2.882848,5287.224792,0.734940126,0.5573005,2.8269815,6470.655806,0.728957913,0.566608,2.671924,9090.004406,#N/A,#N/A,#N/A,#N/A
CMFLIM12 Day1 AL Animal10,1,AL,10,CMFLIM12,0.632004091,0.6133515,2.942503,10412.47085,0.622252672,0.609643,3.180402,8474.720497,0.756684971,0.6168875,3.14189,6252.645662,0.736924872,0.6406605,3.014841,5253.226582,0.726443627,0.5978545,2.6830755,7449.065041,0.671542574,0.603838,3.00325,10932.23688
CMFLIM14 Day1 AL Animal10,1,AL,10,CMFLIM14,0.705766816,0.5326195,2.8552015,11911.56452,0.694297418,0.568244,3.0738845,9738.168719,0.714704428,0.5672215,2.7587,5254.674239,0.765385431,0.59918,2.917989,10171.00441,0.719665216,0.588609,2.565697,12127.59239,#N/A,#N/A,#N/A,#N/A
CMFLIM10 Day1 AL Animal1,1,AL,1,CMFLIM10,0.667120299,0.587004,3.0992305,8746.239973,0.644036301,0.523914,2.981568,5389.936452,0.752346076,0.536823,2.8026965,6341.16336,0.793772038,0.5297025,2.7246015,5514.170611,0.743600404,0.555056,2.58064,9710.290991,#N/A,#N/A,#N/A,#N/A
CMFLIM12 Day1 AL Animal1,1,AL,1,CMFLIM12,0.747085992,0.51166,2.84953,6153.859569,0.706742214,0.557579,3.0427895,14097.24401,0.709338228,0.5374755,3.084071,2286.322667,0.793839211,0.539344,2.7520065,13001.17742,0.739028075,0.5751505,2.7234355,15552.91224,0.685295235,0.6200225,3.1730325,3908.008658
CMFLIM14 Day1 AL Animal1,1,AL,1,CMFLIM14,0.631624161,0.6371135,2.997345,15230.58793,0.655157679,0.611878,3.093073,11797.82151,0.757802498,0.569767,2.800121,8347.459485,0.744065585,0.5899675,2.971796,12323.83646,0.733412282,0.5810315,2.586401,13049.88562,0.668521534,0.5558005,2.852551,7627.206364
CMFLIM10 Day1 AL Animal2,1,AL,2,CMFLIM10,0.673085547,0.5373465,3.1085,8789.552667,0.611951215,0.515932,3.058495,5957.543497,0.762873386,0.590197,2.9297765,4669.586014,0.788781588,0.613105,3.250819,5806.968243,0.687269191,0.6143785,2.6904755,6476.975734,0.729090882,0.551974,2.906614,4772.222544
CMFLIM12 Day1 AL Animal2,1,AL,2,CMFLIM12,0.708995457,0.537462,2.9989635,9330.191905,0.674912076,0.5529955,3.0496925,9274.905113,0.791785195,0.554178,2.8622655,9800.418275,0.757732062,0.62649,3.0210835,8922.978102,0.712398655,0.551494,2.522268,13133.70515,0.703405796,0.5943665,2.775915,7860.565743
CMFLIM14 Day1 AL Animal2,1,AL,2,CMFLIM14,0.628882902,0.5864535,2.963315,12702.88166,0.639647287,0.5787295,3.0970345,11907.14453,0.724839188,0.6276505,3.048414,6144.086081,0.747786501,0.581507,2.7649355,13220.05505,0.715695848,0.5367655,2.489767,12007.94921,0.719124201,0.7286275,3.105646,7867.18657
CMFLIM10 Day1 AL Animal3,1,AL,3,CMFLIM10,0.658893539,0.613044,3.150994,11205.46245,0.631695121,0.636856,3.412028,6962.823105,0.756710932,0.563812,2.7872315,5560.632363,0.761657034,0.5558195,2.6956715,9058.097184,0.742067731,0.561523,2.7108405,10881.48719,#N/A,#N/A,#N/A,#N/A
CMFLIM12 Day1 AL Animal3,1,AL,3,CMFLIM12,0.654307159,0.5646505,2.8644925,6234.288627,0.642049236,0.5640535,3.074549,10998.93571,0.767163561,0.5490855,2.918378,2700.506079,0.743885225,0.5990755,2.9417365,10268.71601,0.729557172,0.581496,2.6348875,14365.17694,0.701918075,0.6027775,2.73467,3294.345473
CMFLIM14 Day1 AL Animal3,1,AL,3,CMFLIM14,0.658274842,0.5201335,2.7538775,6488.437968,0.684790567,0.542605,3.0349895,11619.35223,0.731031512,0.5675445,2.8944,3439.521072,0.735279102,0.594613,2.7830695,9847.25604,0.72314685,0.540831,2.5355405,14839.56291,0.702249212,0.6969725,3.0280255,4324.810074
CMFLIM12 Day1 AL Animal4,1,AL,4,CMFLIM12,0.662499872,0.6030095,3.0998725,10209.47967,0.66758349,0.5558765,3.1680085,7687.915864,0.733611807,0.5449905,2.9728505,4351.623715,0.765566246,0.569119,2.91602,6553.014905,0.710861974,0.5450055,2.5970335,8526.550515,0.703578556,0.570759,3.056528,2862.208774
CMFLIM14 Day1 AL Animal4,1,AL,4,CMFLIM14,0.648812744,0.601608,3.0143205,4556.016231,0.63361816,0.5405595,2.802701,7935.770751,0.742669618,0.651181,2.9388185,3924.572487,0.756746103,0.5959735,2.851214,7397.095343,0.709898969,0.5781695,2.522153,14762.21636,0.5,0.1204705,0.1204705,4164.850212
CMFLIM12 Day1 AL Animal5,1,AL,5,CMFLIM12,0.653620716,0.570067,2.9629755,14123.36441,0.646321028,0.5674045,3.1283485,10075.69221,0.708682041,0.55881,2.8298645,6992.507474,0.763054819,0.562607,2.889272,7817.501756,0.726748143,0.5840465,2.692309,10605.45462,0.636994392,0.695685,3.1476585,4698.103507
CMFLIM14 Day1 AL Animal5,1,AL,5,CMFLIM14,0.685970935,0.549381,2.974412,9283.163482,0.680606532,0.5773245,3.066381,6698.990223,0.766586956,0.533825,2.83237,4490.591736,0.740241614,0.5900135,2.8096185,7495.581283,0.688109147,0.617228,2.6386085,10167.70549,0.706803942,0.6890855,3.0697515,8139.492518
CMFLIM12 Day1 AL Animal6,1,AL,6,CMFLIM12,0.694028984,0.5547945,3.092439,8360.585405,0.620211096,0.583309,3.166768,7516.90831,0.772600831,0.52383,2.7887545,7785.016594,0.742791619,0.615201,2.900553,5895.271642,0.711629211,0.5600205,2.6499605,7718.011774,0.691526178,0.515605,2.798093,4866.733389
CMFLIM14 Day1 AL Animal6,1,AL,6,CMFLIM14,0.65090757,0.604488,3.0239255,5033.123275,0.676500262,0.5744145,2.8845155,5875.701138,0.778501866,0.5725595,2.724027,3713.373921,0.746807893,0.6600725,2.9746245,6179.644037,0.677264274,0.5520785,2.5437265,7431.911266,0.658372424,0.5844975,2.834712,7454.533279
CMFLIM10 Day1 AL Animal7,1,AL,7,CMFLIM10,0.665898268,0.5934985,3.045402,13055.72769,0.693841902,0.515888,2.845993,6248.59275,0.697331095,0.5409085,2.7946775,5698.354042,0.776592026,0.5398545,2.7124765,7643.597917,0.728287276,0.5377155,2.5006195,10833.29457,0.706162348,0.5387995,2.9958025,4550.899471
CMFLIM12 Day1 AL Animal7,1,AL,7,CMFLIM12,0.638491392,0.5944485,3.058442,9075.769302,0.655925035,0.5467145,3.073107,11578.27043,0.719192533,0.5978375,3.271649,13500.9801,0.738637181,0.544248,2.659689,7017.834802,0.737227309,0.5721815,2.668472,10832.71229,0.662538816,0.5959915,3.048012,5629.356027
CMFLIM14 Day1 AL Animal7,1,AL,7,CMFLIM14,0.682801697,0.565655,3.0031765,8022.479389,0.65758019,0.5976565,2.9366605,5710.238885,0.730514567,0.6337255,2.9555815,6180.618531,0.723396561,0.6170625,2.8320565,5825.847849,0.678405156,0.555453,2.504968,9782.347434,#N/A,#N/A,#N/A,#N/A
CMFLIM10 Day1 AL Animal8,1,AL,8,CMFLIM10,0.590301546,0.558006,3.006253,6331.837414,0.658631928,0.604668,3.1513895,5681.894,0.753606358,0.60207,3.181533,4957.056417,0.760448511,0.5688165,2.9335735,6197.130477,0.735696541,0.527198,2.550267,9829.938017,0.629453401,0.6333695,2.9669355,5000.874091
CMFLIM12 Day1 AL Animal8,1,AL,8,CMFLIM12,0.651202134,0.5928125,3.1650365,5162.946429,0.612324286,0.630527,3.25214,7143.446372,0.71485621,0.608764,3.0589805,2666.297427,0.742306897,0.633675,2.977845,9096.870404,0.699010061,0.6114775,2.6653635,11045.42665,0.666078392,0.5592535,2.847778,17723.75827
CMFLIM14 Day1 AL Animal8,1,AL,8,CMFLIM14,0.66188181,0.5358375,2.7743805,10136.33152,0.61548292,0.610049,3.0370475,5676.568188,0.72757722,0.583235,2.828251,5720.978441,0.725824737,0.6287545,2.9660165,4182.872908,0.683684965,0.550219,2.4515795,6273.401163,0.708256034,0.5576585,2.9146665,7894.620231
CMFLIM10 Day1 AL Animal9,1,AL,9,CMFLIM10,0.647308917,0.597523,3.1217445,18187.11974,0.639719498,0.5871365,3.1158865,12491.85125,0.680997779,0.5446115,2.9700025,7102.514641,0.725060887,0.5937285,2.9837185,10521.30099,0.692310995,0.607286,2.687053,14609.40171,0.702827092,0.5688255,3.064923,6436.271996
CMFLIM12 Day1 AL Animal9,1,AL,9,CMFLIM12,0.673677333,0.5983145,3.0025105,8446.555947,0.685314437,0.541497,2.9946595,7832.167319,0.726170927,0.6155025,2.867124,8592.876611,0.737746658,0.595687,2.9089585,9252.667381,0.723829336,0.606999,2.732612,10725.5588,0.669205308,0.686615,2.8523665,6628.04878
CMFLIM14 Day1 AL Animal9,1,AL,9,CMFLIM14,0.640415857,0.670844,3.087898,11534.86046,0.644524875,0.621631,3.0440055,11891.48424,0.753187426,0.632634,3.0699945,4778.573862,0.734172407,0.6627435,2.8821675,9295.41102,0.683087987,0.5835015,2.4996575,15145.1121,0.697128216,0.5998895,2.891993,4247.472987
CMFLIM10 Day1 DR Animal1,1,DR,1,CMFLIM10,0.630837133,0.594461,2.8171935,8077.902943,0.680702349,0.542188,2.8258955,12098.56965,0.677734929,0.6671345,2.63678,6071.895121,0.697661674,0.6399645,2.5679715,9925.591451,0.630801844,0.650557,2.332641,12585.01565,0.705195186,0.5635395,2.865902,#DIV/0!
CMFLIM12 Day1 DR Animal1,1,DR,1,CMFLIM12,0.645569094,0.61235,3.0950105,13109.42316,0.661547181,0.6197565,3.0991555,4664.370699,0.639865587,0.6606705,2.8454725,7190.736851,0.689273389,0.683353,2.8237655,2803.475964,0.654404995,0.5990845,2.3512045,5634.904305,0.676778442,0.7057995,2.8775585,2818.115986
CMFLIM14 Day1 DR Animal1,1,DR,1,CMFLIM14,0.655796471,0.547656,3.008424,9026.638897,0.724644946,0.551919,3.220608,7312.182103,0.776716685,0.6251155,3.1252675,4745.649582,0.784975274,0.6169805,3.020294,4416.627993,0.754014794,0.6157925,2.941764,6734.936121,0.758471162,0.585258,3.0459605,4936.600035
CMFLIM10 Day1 DR Animal2,1,DR,2,CMFLIM10,0.681137102,0.543978,2.8055065,13914.16668,0.678607928,0.532182,2.8111375,9437.738396,0.762776054,0.590235,2.6295555,6567.419246,0.720070763,0.616729,2.6841245,8276.332867,0.708543251,0.5869955,2.4031235,13941.38399,0.663900581,0.551676,2.6542335,5932.869627
CMFLIM12 Day1 DR Animal2,1,DR,2,CMFLIM12,#N/A,#N/A,#N/A,#N/A,0.65872203,0.57218,3.062829,3525.391521,#N/A,#N/A,#N/A,#N/A,0.735030061,0.717116,2.8955245,4012.16614,0.673924327,0.5754745,2.4342795,5983.954911,#N/A,#N/A,#N/A,#N/A
CMFLIM14 Day1 DR Animal2,1,DR,2,CMFLIM14,0.714837965,0.511342,2.8097495,8594.375682,0.717246314,0.55196,3.298488,13118.49535,0.771562797,0.6156295,3.0257185,3349.800463,0.718206297,0.607443,3.2536765,4842.888788,0.719599572,0.6215165,3.1771915,14628.18812,0.704178942,0.5806725,3.296923,6641.07436
CMFLIM10 Day1 DR Animal3,1,DR,3,CMFLIM10,0.615495448,0.5833585,2.80178,9845.300635,0.65973557,0.587664,2.884277,10550.05512,0.68856811,0.437621,2.355533,6554.905116,0.710890025,0.667526,2.8291775,12108.76183,0.642240628,0.6592295,2.4321535,12132.69317,0.676248642,0.6254445,2.968689,3695.3569
CMFLIM12 Day1 DR Animal3,1,DR,3,CMFLIM12,0.63318474,0.585976,3.073,2000.033542,0.692108175,0.550132,2.979359,13682.38216,0.665114256,0.5608545,2.7739945,6719.672288,0.750464657,0.6893135,3.0830195,9188.149453,0.706945309,0.596622,2.458093,14885.89832,0.605549988,0.719454,2.948194,3765.817127
CMFLIM14 Day1 DR Animal3,1,DR,3,CMFLIM14,#N/A,#N/A,#N/A,#N/A,0.683534676,0.5670175,3.263362,11235.55223,0.721190646,0.6466535,2.8529615,4590.073215,0.754315259,0.622633,3.1744645,5155.934577,0.749777321,0.6602445,3.0809805,8880.168317,0.685071113,0.563792,2.8550585,3058.040226
CMFLIM10 Day1 DR Animal4,1,DR,4,CMFLIM10,0.649448662,0.557418,2.8687805,13180.25249,0.66322293,0.5738695,2.8332365,10848.91457,0.728849941,0.6544545,2.702529,10017.42629,0.685149607,0.659717,2.734154,7417.259682,0.658562836,0.6260875,2.3628735,11266.37123,0.73316769,0.551647,2.678353,4001.432925
CMFLIM12 Day1 DR Animal4,1,DR,4,CMFLIM12,0.644023993,0.62854,2.9437555,8784.473325,0.638123439,0.5924085,2.9711725,10034.65565,0.722058959,0.6857635,2.8689615,6277.223771,0.741652416,0.705613,2.966978,6293.450375,0.680320463,0.5320095,2.3025345,15218.71762,0.644488871,0.7014145,3.0303245,8964.973262
CMFLIM10 Day1 DR Animal5,1,DR,5,CMFLIM10,0.651454292,0.6141645,3.1110815,10871.14616,0.652214218,0.6307405,3.081768,8778.723043,0.663467098,0.6291405,2.753236,7996.98601,0.74131843,0.7819205,3.394775,13899.87237,0.639207308,0.6527375,2.425819,15367.33785,0.695631698,0.676193,3.080772,7301.184725
CMFLIM12 Day1 DR Animal5,1,DR,5,CMFLIM12,0.647514876,0.577981,3.023134,10451.48141,0.686967307,0.552187,3.1034125,5272.362737,0.692174123,0.6582925,2.9444085,4136.199359,0.740775623,0.722612,2.9850375,4923.830777,0.689628103,0.622744,2.539918,6605.757835,0.691957931,0.608071,3.174082,9944.578365
CMFLIM14 Day1 DR Animal5,1,DR,5,CMFLIM14,0.662229102,0.56371,3.057101,9740.669203,0.720606382,0.601877,3.1677785,17910.13522,0.679884494,0.502752,3.0956985,4151.05992,0.776991681,0.6817925,3.34585,10884.24456,0.748424772,0.622529,2.841229,10685.17426,0.724232518,0.5419975,2.7869615,2448.635403
CMFLIM10 Day1 DR Animal6,1,DR,6,CMFLIM10,0.677872367,0.5991925,2.991071,9976.512126,0.669567487,0.549637,2.8389905,7618.519222,0.719766728,0.6498715,2.837994,7789.638299,0.730578438,0.7124675,2.839094,7298.833919,0.58617362,0.807869,2.397218,11327.77131,0.71793157,0.6473815,2.7792855,6092.459699
CMFLIM12 Day1 DR Animal6,1,DR,6,CMFLIM12,0.671532917,0.6294445,3.064438,9848.743183,0.64532805,0.600129,2.9969875,8192.889249,0.712087445,0.6004795,2.7239955,5210.895146,0.730354705,0.69684,2.8503445,5172.903367,0.690880707,0.5520405,2.384699,12545.19726,0.68158831,0.615207,2.934714,4192.566539
CMFLIM14 Day1 DR Animal6,1,DR,6,CMFLIM14,0.649966221,0.682721,2.9312925,5509.889717,0.627581376,0.715851,2.9730205,16023.64305,0.779223528,0.535782,2.522124,4793.141162,0.747604112,0.5940515,2.692491,10151.92132,0.748206197,0.6246985,2.5221275,14515.45995,0.717199709,0.6016585,3.038619,5337.872259
CMFLIM10 Day1 DR Animal7,1,DR,7,CMFLIM10,0.673174916,0.5652755,2.8185345,12645.35865,0.672550315,0.509988,2.8282985,8936.11198,0.717966954,0.6430935,2.675959,8640.040653,0.729988607,0.623179,2.689789,7608.328951,0.657665393,0.5623345,2.1981685,13119.49084,0.722975812,0.582146,2.6745185,6845.408434
CMFLIM12 Day1 DR Animal7,1,DR,7,CMFLIM12,0.614882395,0.64304,2.998168,12956.88687,0.642833194,0.560535,2.874961,5290.28133,0.727525701,0.657082,2.991308,5675.789515,0.728542929,0.7029295,3.002824,2548.845471,0.607838611,0.6326365,2.399566,5318.122057,0.697136532,0.6082245,2.9230265,2764.644095
CMFLIM14 Day1 DR Animal7,1,DR,7,CMFLIM14,0.699792464,0.6116315,3.072671,6392.733919,0.674153295,0.557672,2.924202,4978.51967,0.748275832,0.5989835,2.689816,7254.64013,0.753487357,0.567425,2.570482,4932.971547,0.751045115,0.5738615,2.531354,5829.074918,#N/A,#N/A,#N/A,#N/A
CMFLIM10 Day1 DR Animal8,1,DR,8,CMFLIM10,0.627439559,0.644729,2.8708295,20509.95267,0.657106589,0.5756055,2.855307,13899.62938,0.720430932,0.5931195,2.6524435,7362.174579,0.725884085,0.566293,2.5834725,7175.545677,0.677336635,0.579925,2.4675025,10720.69272,0.7155112,0.521209,2.7969645,4383.028838
CMFLIM12 Day1 DR Animal8,1,DR,8,CMFLIM12,0.640764405,0.6432585,2.985905,7478.526411,0.655924132,0.568098,2.8479505,8854.674797,0.721543551,0.697233,3.0025455,3060.837073,0.744507079,0.622994,2.704994,7722.739579,0.693782334,0.5947725,2.4463585,9691.426902,0.736072085,0.5395015,2.652933,2721.298896
CMFLIM14 Day1 DR Animal8,1,DR,8,CMFLIM14,0.65201995,0.5957825,3.277239,9232.91865,0.678334914,0.6394195,3.025484,13479.63734,0.747760081,0.5288665,2.80277,4314.666595,0.712814699,0.634432,2.9805495,6108.878387,0.748309896,0.5582215,2.692285,13133.49193,0.689601494,0.504136,2.6343575,8592.62796
CMFLIM14 Day1 DR Animal9,1,DR,9,CMFLIM14,0.670975998,0.5464685,2.907142,15177.524,0.6869483,0.53529,2.8269405,4330.177879,0.785682969,0.5625525,3.0242645,6113.303103,0.721301182,0.612802,2.58784,3773.917199,0.735080586,0.556684,2.4821775,4973.085153,0.689019201,0.66898,3.154956,3195.825324
CMFLIM14 Day3 AL Animal10,3,AL,10,CMFLIM14,0.635112518,0.650363,3.066952,13365.42217,0.645234709,0.657868,3.0330205,5705.54857,0.744542736,0.6538595,2.831061,9655.749345,0.732419756,0.5749235,2.753912,2997.25771,0.697320559,0.5823015,2.681633,6112.603888,#N/A,#N/A,#N/A,#N/A
CMFLIM10 Day3 AL Animal1,3,AL,1,CMFLIM10,0.717631025,0.508739,2.9675645,9468.911862,0.639144998,0.576644,3.0094745,11905.55954,0.696686305,0.5699655,2.821689,4330.295106,0.705164436,0.611208,2.968357,5367.336625,0.649677436,0.672526,2.819964,9596.745471,0.644150719,0.706922,3.027546,5357.533153
CMFLIM12 Day3 AL Animal1,3,AL,1,CMFLIM12,0.674439551,0.6452985,3.2850755,15597.32844,0.690586212,0.520884,2.845866,16968.09141,0.733060324,0.598184,2.864412,6311.454903,0.766587738,0.5370975,2.8251835,17401.22685,0.745360415,0.5660585,2.629843,17953.84221,0.687360453,0.6377795,2.9287,5540.165571
CMFLIM14 Day3 AL Animal1,3,AL,1,CMFLIM14,0.703325405,0.512647,2.814619,8993.705245,0.664376252,0.5672365,3.041031,2478.457172,0.785506422,0.4969745,2.527454,5378.137302,0.746367983,0.532809,2.8261125,3444.789451,0.695781551,0.5806685,2.6698795,3840.113635,0.623169528,0.677821,2.9810135,4941.762752
CMFLIM10 Day3 AL Animal2,3,AL,2,CMFLIM10,0.665695563,0.583197,2.988028,9413.245097,0.645004185,0.5555485,3.1097375,6212.836277,0.743190694,0.58022,2.9174795,4554.125568,0.767233469,0.5463865,2.829617,5556.154064,0.725344964,0.557499,2.596136,8616.69929,0.757686681,0.60697,2.8727715,5414.536337
CMFLIM14 Day3 AL Animal2,3,AL,2,CMFLIM14,0.651286032,0.5902505,3.045644,5968.612073,0.713240849,0.5647765,2.885592,3606.596334,0.76470183,0.608621,2.759861,5510.12066,0.761883503,0.5781755,2.758612,3474.53785,0.708421847,0.5998015,2.6656605,3359.295645,0.733477896,0.5740855,2.6284,3245.993357
CMFLIM10 Day3 AL Animal3,3,AL,3,CMFLIM10,0.6827236,0.585599,3.025032,5542.611689,0.6507664,0.5668815,3.024814,6000.402351,0.743562648,0.560625,2.8614975,3148.531732,0.741803885,0.5690255,2.679141,6592.717439,0.680976444,0.5802585,2.552074,7660.235138,0.722456258,0.5216515,2.725954,4951.227214
CMFLIM12 Day3 AL Animal3,3,AL,3,CMFLIM12,0.677668264,0.567727,3.073318,12232.60309,0.68921563,0.578562,2.937014,7469.285411,0.723580667,0.62701,2.9167875,9491.15973,0.762176765,0.5546665,2.6916145,8581.359468,0.694639661,0.5808595,2.5968985,10076.05457,0.71747968,0.702181,2.8371875,10159.76221
CMFLIM14 Day3 AL Animal3,3,AL,3,CMFLIM14,0.632474172,0.6082755,2.9988025,5774.028415,0.675991138,0.5346355,2.9281385,3081.146721,0.711917374,0.633913,2.97269,3617.538368,0.733825649,0.615401,2.839517,3056.435481,0.67011936,0.611865,2.5625855,3695.093384,0.697036208,0.7362885,3.1013295,1985.223079
CMFLIM10 Day3 AL Animal4,3,AL,4,CMFLIM10,0.711022208,0.5619915,3.0718645,8610.913514,0.691025556,0.537068,2.971263,6436.59181,0.700292765,0.518927,2.598215,4897.289094,0.773055053,0.550856,2.6574185,7814.807018,0.728129941,0.5588795,2.5761335,9071.695043,#N/A,#N/A,#N/A,#N/A
CMFLIM12 Day3 AL Animal4,3,AL,4,CMFLIM12,0.694052546,0.5573325,2.978875,6802.896849,0.658472594,0.5322695,2.8681765,15401.89086,0.751020162,0.548549,2.757635,5795.220078,0.775081612,0.529517,2.723088,17476.43159,0.725382598,0.564527,2.522424,17964.6275,0.747277544,0.554255,2.635548,6500.813008
CMFLIM14 Day3 AL Animal4,3,AL,4,CMFLIM14,0.650784062,0.5698845,2.9588525,9893.158794,0.687763062,0.558782,2.8891195,4924.028444,0.729849868,0.623805,2.932616,6325.671479,0.759812085,0.6146275,2.8545825,4458.095433,0.702827124,0.609787,2.758673,5387.198945,0.735937721,0.635649,2.702743,4443.472812
CMFLIM10 Day3 AL Animal5,3,AL,5,CMFLIM10,0.722348811,0.5449245,2.897106,8180.998067,0.733907983,0.528495,2.842352,9623.956147,0.761316586,0.5398,2.5825105,5861.555523,0.75117218,0.566494,2.6937325,7965.286603,0.712021752,0.5544705,2.4768275,12807.05435,0.739014272,0.590963,2.7250365,4455.659306
CMFLIM12 Day3 AL Animal5,3,AL,5,CMFLIM12,0.684614961,0.602176,3.091701,10547.867,0.674208463,0.5741215,3.0323615,13190.83107,0.728817439,0.612642,2.9163525,6761.781574,0.745253051,0.5837905,2.7573345,14244.55616,0.68738096,0.6085135,2.5641475,14000.40352,0.634573744,0.746091,3.0646925,2742.695957
CMFLIM14 Day3 AL Animal5,3,AL,5,CMFLIM14,0.667288494,0.5833025,2.944432,8000.405268,0.695268102,0.562079,2.769076,11081.64621,0.746831958,0.585349,2.880087,5082.258735,0.751118468,0.6228225,2.8128045,14181.15126,0.724673069,0.587605,2.6551165,14203.39425,0.631188718,0.740756,3.1456,1477.346228
CMFLIM10 Day3 AL Animal6,3,AL,6,CMFLIM10,0.660537198,0.6363715,3.080662,7816.982975,0.639612658,0.598182,3.11017,9043.32146,0.718859242,0.578637,2.741653,4404.904909,0.752399865,0.612316,2.9044695,8773.596092,0.692020829,0.600526,2.5813845,12863.99625,0.742194235,0.5947315,2.8888995,3937.55811
CMFLIM12 Day3 AL Animal6,3,AL,6,CMFLIM12,0.635938196,0.602614,3.0243405,11122.51643,0.639101575,0.6217285,3.017043,11948.53491,0.712223211,0.6089205,3.001749,3921.544016,0.745066073,0.647618,2.994448,9195.980871,0.701887281,0.56097,2.5341815,9694.530735,0.714887182,0.525383,2.702576,8665.629074
CMFLIM14 Day3 AL Animal6,3,AL,6,CMFLIM14,0.663829654,0.6078745,3.0062865,3848.796816,0.701205912,0.563664,2.913276,5488.023688,0.748808706,0.5827655,2.827777,3649.376529,0.75708811,0.561294,2.7829995,5369.855066,0.704546339,0.6407005,2.721512,8649.911948,#N/A,#N/A,#N/A,#N/A
CMFLIM10 Day3 AL Animal7,3,AL,7,CMFLIM10,0.662891203,0.5882475,2.9065485,3940.934192,0.669011085,0.600739,2.8828825,5633.472424,0.73417623,0.5952825,2.6528615,3176.844984,0.738944344,0.6288255,2.908537,7219.053213,0.69418798,0.570803,2.4915345,8679.8003,#N/A,#N/A,#N/A,#N/A
CMFLIM12 Day3 AL Animal7,3,AL,7,CMFLIM12,0.685536891,0.5678245,2.909191,11746.56649,0.66737919,0.5860725,2.848241,6828.986734,0.746442792,0.562556,2.733617,6899.932964,0.754889083,0.534668,2.639445,10912.10953,0.730053999,0.54657,2.6449475,8186.621243,0.669734351,0.569119,2.92362,12032.16757
CMFLIM14 Day3 AL Animal7,3,AL,7,CMFLIM14,0.662043469,0.633448,3.187255,4000.374676,0.686617804,0.576694,2.8648965,3770.474568,0.729732687,0.564971,2.84272,4459.229391,0.738194589,0.6146575,2.7046495,4606.98241,0.712015691,0.5482265,2.523865,5750.974948,0.599413137,0.819281,3.391149,5259.263166
CMFLIM10 Day3 AL Animal8,3,AL,8,CMFLIM10,0.617974376,0.714743,3.414251,9376.454975,0.693389328,0.585635,2.9834015,4394.03794,0.784694075,0.6040525,3.034494,5617.26374,0.723864405,0.582938,2.699365,5515.87823,0.697382663,0.617913,2.5735435,9092.285828,0.666215729,0.6273755,2.9851245,5627.657536
CMFLIM12 Day3 AL Animal8,3,AL,8,CMFLIM12,0.653197339,0.6518615,3.026604,10148.3221,0.661208774,0.610586,3.168127,13945.54849,0.729716382,0.5900935,2.867804,4347.161351,0.754566906,0.5433305,2.754973,16148.1951,0.711977402,0.5860115,2.619708,16342.75943,0.678486421,0.600388,2.957105,8361.462508
CMFLIM14 Day3 AL Animal8,3,AL,8,CMFLIM14,0.665576529,0.6250205,3.0629495,14227.68046,0.664166424,0.589616,3.042095,3855.707097,0.717273112,0.6605825,2.9639915,6924.211177,0.745766836,0.6476565,2.9609605,5380.801864,0.722977541,0.561669,2.574575,7850.092976,0.673914646,0.746774,3.0378465,7224.291103
CMFLIM10 Day3 AL Animal9,3,AL,9,CMFLIM10,0.627186582,0.5622795,2.961421,6327.73292,0.646640019,0.548643,2.8599025,6050.462232,0.60867897,0.5848945,2.865831,2946.56089,0.654952875,0.6468195,2.8890275,5450.701057,0.628035292,0.6710085,2.8237475,9617.430703,#N/A,#N/A,#N/A,#N/A
CMFLIM12 Day3 AL Animal9,3,AL,9,CMFLIM12,0.66732638,0.6470155,3.174245,9908.590272,0.665260101,0.630954,3.682247,6796.699599,0.724872065,0.636863,2.9135835,4663.009083,0.753771009,0.6185165,2.9906835,6044.84114,0.717215139,0.596203,2.6692755,8459.665896,#N/A,#N/A,#N/A,#N/A
CMFLIM14 Day3 AL Animal9,3,AL,9,CMFLIM14,0.631830586,0.684856,3.3567375,7966.606696,0.661135776,0.611104,3.051033,6458.700441,0.750855681,0.5344955,2.601071,3941.974401,0.761485068,0.5858465,2.8569455,6388.669872,0.706254544,0.5910695,2.642627,8515.587959,#N/A,#N/A,#N/A,#N/A
CMFLIM10 Day3 DR Animal10,3,DR,10,CMFLIM10,0.641239035,0.715533,3.09807,9254.814011,0.632707058,0.619676,2.845136,12746.47761,0.699868631,0.678924,2.9292615,3774.696481,0.768777593,0.561411,2.5934515,8131.871701,0.743362762,0.5204455,2.315994,10648.87921,0.71196234,0.5304415,2.6490895,7006.369288
CMFLIM12 Day3 DR Animal10,3,DR,10,CMFLIM12,0.650365457,0.613558,2.9257015,8399.48514,0.666472726,0.560902,2.877537,9746.049698,0.682302177,0.6028745,2.688466,4292.713682,0.723476661,0.608236,2.6759205,6229.137556,0.689866187,0.60226,2.5514095,6331.891074,0.724558154,0.597241,2.757088,6120.679651
CMFLIM14 Day3 DR Animal10,3,DR,10,CMFLIM14,0.610310882,0.7790855,3.4784535,6894.662916,0.659985274,0.6289225,2.9666285,17471.47268,0.718979893,0.7539905,3.339131,4333.699159,0.687793573,0.5839995,2.7447925,10415.99552,0.704592995,0.6000915,2.508156,16619.87185,#N/A,#N/A,#N/A,#N/A
CMFLIM10 Day3 DR Animal1,3,DR,1,CMFLIM10,0.610181274,0.814222,3.3590575,6766.393262,0.662991924,0.5533905,2.78213,12433.94675,0.712845242,0.7159875,3.3326125,2956.037029,0.697362872,0.6047955,2.6026875,7790.975042,0.650600568,0.604373,2.390693,10064.26665,0.660440171,0.5955635,2.9081,4678.05564
CMFLIM12 Day3 DR Animal1,3,DR,1,CMFLIM12,0.667305357,0.6313795,3.016609,6034.180308,0.679847363,0.5354435,2.847131,6195.99588,0.747183971,0.5740765,2.591505,5054.483677,0.739366447,0.6034345,2.681227,5994.913684,0.695073842,0.594802,2.4361825,8105.22551,0.677449724,0.589378,2.9092585,4696.854257
CMFLIM14 Day3 DR Animal1,3,DR,1,CMFLIM14,0.660070082,0.6722025,2.991325,8322.866721,0.679161492,0.569926,2.922007,6584.300043,0.726987094,0.617305,2.7691745,4263.278284,0.723458731,0.648937,2.7419885,3618.616201,0.672392486,0.588977,2.356062,8637.339339,0.712003949,0.6040785,2.714866,7567.868943
CMFLIM10 Day3 DR Animal2,3,DR,2,CMFLIM10,0.63934853,0.6433105,3.034558,6598.078279,0.625775743,0.601973,3.0243695,5222.268992,0.735617644,0.6536495,2.9225575,2701.669922,0.695317959,0.61834,2.676913,2875.641712,0.592462051,0.6478575,2.411523,5781.958465,0.72488584,0.6281415,2.954059,4895.428118
CMFLIM12 Day3 DR Animal2,3,DR,2,CMFLIM12,0.656855707,0.6924145,3.2335225,17577.27872,0.657515494,0.573418,2.8336545,7836.134454,0.735032308,0.716386,3.222723,7604.110315,0.725799588,0.6324645,2.7936715,4527.68657,0.706037568,0.5941895,2.4166085,7691.549063,0.698637603,0.6585545,2.945793,4543.080841
CMFLIM14 Day3 DR Animal2,3,DR,2,CMFLIM14,0.649611645,0.600279,2.941328,8378.669817,0.695295906,0.5661235,2.861376,7234.694395,0.720144742,0.663402,2.888349,4963.951867,0.763815917,0.6712355,2.9232875,5326.288439,0.700492953,0.5795765,2.411108,6214.25063,0.660876953,0.649714,2.917118,16045.3405
CMFLIM10 Day3 DR Animal3,3,DR,3,CMFLIM10,0.624348063,0.5864775,2.9007535,9075.274732,0.682288929,0.5379155,2.8215205,5023.879405,0.68748733,0.632591,2.7212375,5013.342551,0.747703367,0.623637,2.6950215,4974.089791,0.704500879,0.588586,2.3832195,7210.571792,0.756761786,0.567672,2.854264,1564.406638
CMFLIM12 Day3 DR Animal3,3,DR,3,CMFLIM12,0.650748587,0.5876,2.768047,16997.27666,0.654564869,0.5902145,2.9945335,7056.223535,0.719691059,0.5910655,2.679428,6054.665997,0.737515211,0.74104,2.9786145,5728.417422,0.589281088,0.673297,2.330445,9535.471354,0.702230513,0.566341,2.683017,4259.512616
CMFLIM14 Day3 DR Animal3,3,DR,3,CMFLIM14,0.701765826,0.603906,2.90687,8255.449723,0.649977758,0.5846,2.906423,5877.638952,0.785052277,0.6088765,2.8399205,110.1259512,0.729732157,0.660776,2.7755075,5516.0993,0.651287086,0.59204,2.3420325,7451.830435,0.684527365,0.6194275,2.900098,130.3089636
CMFLIM10 Day3 DR Animal4,3,DR,4,CMFLIM10,0.638341745,0.613305,3.058562,11939.44199,0.705471064,0.509528,2.7000865,7194.058763,0.735179231,0.618054,2.7949795,4663.729108,0.749347662,0.621458,2.6369725,4900.276158,0.692018509,0.585827,2.3172825,7996.123391,0.722491737,0.594028,2.771914,5272.613174
CMFLIM12 Day3 DR Animal4,3,DR,4,CMFLIM12,0.677308839,0.5566435,2.8765805,14924.81006,0.708831296,0.526733,3.116908,11749.59262,0.716786555,0.588494,2.6988695,5803.746898,0.746631963,0.629026,2.728128,14040.11403,0.7010379,0.5726595,2.4119155,15602.71924,0.721622675,0.5610395,2.843997,7028.515238
CMFLIM14 Day3 DR Animal4,3,DR,4,CMFLIM14,0.612072697,0.8448,3.574749,5407.868919,0.682974304,0.587591,2.931625,10842.7852,0.748354458,0.5788005,2.6110425,16105.52255,0.703386425,0.6404305,2.7439495,4601.343121,0.736041796,0.587036,2.6532665,7750.498548,0.755859825,0.550238,2.7557175,13219.84417
CMFLIM10 Day3 DR Animal5,3,DR,5,CMFLIM10,0.581687821,0.689808,2.976745,11329.74291,0.606176736,0.6197285,2.7133565,8312.720226,0.730057368,0.6147885,2.9663285,3164.986697,0.753284143,0.6068415,2.6922095,6761.420427,0.742656219,0.5293755,2.460398,6912.788635,0.68719848,0.596418,2.889077,6531.858764
CMFLIM12 Day3 DR Animal5,3,DR,5,CMFLIM12,0.57857629,0.6183445,2.849626,7290.686427,0.676809623,0.5912185,3.079073,15482.13694,0.716700959,0.6512425,2.5281815,3429.865064,0.744026194,0.663188,3.0018365,8810.941757,0.662292522,0.707257,2.7369975,15442.34357,0.649761073,0.7162505,2.9571715,3392.390289
CMFLIM14 Day3 DR Animal5,3,DR,5,CMFLIM14,0.687953446,0.4235795,2.776492,11444.49339,0.692078829,0.5550605,2.8860895,7795.105797,0.732114217,0.681924,3.087091,5370.45027,0.771656188,0.6547915,2.9459605,5484.74906,0.696262235,0.589368,2.3979025,10357.89645,0.708911724,0.5566525,2.736163,6972.601187
CMFLIM10 Day3 DR Animal6,3,DR,6,CMFLIM10,0.6809384,0.566351,2.7364475,11243.39445,0.711757479,0.567833,2.8345225,7688.660026,0.745637715,0.6022675,2.666658,4900.4814,0.755333084,0.602449,2.806184,6433.195297,0.679665446,0.614906,2.5434685,8610.874433,0.736863465,0.560177,2.7388625,7318.805917
CMFLIM12 Day3 DR Animal6,3,DR,6,CMFLIM12,0.649180444,0.587332,2.9473735,12648.0606,0.574233663,0.636315,3.0778495,17596.76498,0.748230599,0.6404545,2.692863,8152.131417,0.716294303,0.6402595,2.736164,13230.88023,0.701529111,0.6453735,2.518988,16840.36992,0.704713899,0.5678875,2.872451,8334.756262
CMFLIM14 Day3 DR Animal6,3,DR,6,CMFLIM14,0.695233566,0.566216,2.896432,6716.798419,0.659980703,0.6109165,2.994322,6906.116497,0.715860112,0.646041,2.731445,3785.808685,0.709149145,0.694487,2.7815325,4814.749596,0.623240589,0.614234,2.332016,8496.435912,0.67797066,0.5753295,2.8019245,6031.822872
CMFLIM10 Day3 DR Animal7,3,DR,7,CMFLIM10,0.643447818,0.6143365,3.0335925,9856.683079,0.659701314,0.5363685,2.7916775,8812.517607,0.691765373,0.63898,2.7261865,3883.845887,0.754002308,0.618474,2.678551,7161.847022,0.682066194,0.56073,2.394743,10240.75326,#N/A,#N/A,#N/A,#N/A
CMFLIM12 Day3 DR Animal7,3,DR,7,CMFLIM12,0.59383109,0.6442025,3.364343,8916.800557,0.622746431,0.6222435,2.9417185,15027.34893,0.780501106,0.5627805,2.694981,6395.471614,0.744035735,0.5601925,2.610451,6512.495879,0.717407616,0.5625315,2.4048615,12081.81115,0.685748884,0.603984,2.981465,6180.948882
CMFLIM14 Day3 DR Animal7,3,DR,7,CMFLIM14,0.735691453,0.631088,3.1150335,3656.253365,0.666429779,0.5754315,2.913835,6649.099934,0.732543667,0.633953,2.860272,4824.539324,0.664896269,0.757044,2.737262,3962.283209,0.673974312,0.632531,2.6753115,5132.096894,0.686735245,0.5698645,2.6953655,4586.3353
CMFLIM10 Day3 DR Animal8,3,DR,8,CMFLIM10,0.6913614,0.5592105,2.7698285,14833.4926,0.696865142,0.603368,3.069294,6767.062594,0.686523679,0.587707,2.568148,7550.158131,0.745476542,0.690133,3.1337965,3916.86691,0.676593027,0.6488095,2.668503,9377.55102,0.733545299,0.6564925,3.1687855,3993.45372
CMFLIM12 Day3 DR Animal8,3,DR,8,CMFLIM12,0.691753427,0.5324555,2.739974,6664.191969,0.681091119,0.537837,2.8980675,9570.565935,0.750843008,0.558451,2.5190115,4450.625351,0.775803389,0.589632,2.8204795,7917.688672,0.690662262,0.539765,2.3519925,10605.53948,0.679404047,0.6955925,3.193623,8386.815656
CMFLIM14 Day3 DR Animal8,3,DR,8,CMFLIM14,0.587807045,0.733325,3.2987005,5878.162908,0.642783137,0.6798175,3.6554265,7894.561528,#N/A,#N/A,#N/A,#N/A,0.704812411,0.595077,2.9047045,5343.819257,0.702144717,0.5844285,2.991803,7892.994226,0.731210894,0.6026085,2.633572,4048.673136
CMFLIM10 Day3 DR Animal9,3,DR,9,CMFLIM10,0.561872326,0.7502795,4.202207,9510.944199,0.597036568,0.6688835,3.3727455,10581.54449,0.68770522,0.5815605,2.8289485,4843.114633,0.729492201,0.577124,2.8399175,5703.806988,0.734571063,0.588429,2.7105015,8058.389745,#N/A,#N/A,#N/A,#N/A
CMFLIM12 Day3 DR Animal9,3,DR,9,CMFLIM12,0.676479526,0.5596995,2.8838205,6572.88479,0.721559692,0.5327335,2.7905795,13081.67013,0.723261134,0.588342,2.5317525,4159.376408,0.778638353,0.630116,2.860493,14662.08779,0.662242423,0.632226,2.3826365,13604.46924,0.68840001,0.790195,3.4270695,8533.068615
CMFLIM14 Day3 DR Animal9,3,DR,9,CMFLIM14,0.635838079,0.714784,3.1930835,4631.206189,0.674839186,0.767481,3.3781545,6968.755462,0.669679647,0.6955465,3.2626395,3816.928084,0.755588376,0.6755965,3.022019,3998.41684,0.687979512,0.787629,3.2520175,7750.12148,0.691149554,0.610022,2.8789685,6554.171089
CMFLIM10 Day5 AL Animal10,5,AL,10,CMFLIM10,0.717651049,0.575088,3.1421675,11106.76975,0.692118993,0.5499415,2.9336975,5380.159238,0.751571639,0.5334725,2.683223,8683.379351,0.775744738,0.557596,2.703443,6692.024037,0.746562465,0.5605505,2.5316595,8428.866331,0.706158465,0.5731395,2.978984,4325.578231
CMFLIM12 Day5 AL Animal10,5,AL,10,CMFLIM12,0.707252643,0.5649345,2.8362905,17702.64812,0.687382719,0.5633925,2.9446595,11132.65687,0.747483273,0.589417,2.830944,13524.73202,0.744625713,0.596818,2.777099,10110.96899,0.697676079,0.553906,2.474653,12896.28766,0.650915569,0.7070535,3.039278,7731.484877
CMFLIM12 Day5 AL Animal11,5,AL,11,CMFLIM12,0.698087726,0.561687,2.811216,5655.800898,0.697185706,0.568778,2.8752865,7287.81272,0.765550668,0.5532295,2.656183,5543.469873,0.700934226,0.6319445,2.6998435,8462.108946,0.723355535,0.5525655,2.4969065,12741.09251,0.667218042,0.6699305,3.0973265,3656.232185
CMFLIM10 Day5 AL Animal1,5,AL,1,CMFLIM10,0.708139573,0.5185775,2.9759225,10671.93401,0.668263246,0.53498,3.0469205,5183.117398,0.735922463,0.5196865,2.7074605,10460.19827,0.78530452,0.4847255,2.738635,7082.5941,0.731319073,0.5973535,2.7410115,9668.472792,0.634268417,0.6598535,2.678139,8662.10512
CMFLIM12 Day5 AL Animal1,5,AL,1,CMFLIM12,#N/A,#N/A,#N/A,#N/A,0.644389664,0.6085205,2.8511505,8695.087909,#N/A,#N/A,#N/A,#N/A,0.751784959,0.607417,3.015621,7366.749987,0.711137836,0.5634745,2.571566,15413.14371,#N/A,#N/A,#N/A,#N/A
CMFLIM10 Day5 AL Animal2,5,AL,2,CMFLIM10,0.680107536,0.554693,2.7417975,4610.880798,0.712206151,0.4927185,2.775339,7365.054457,0.721453178,0.5679555,2.6728645,2585.57405,0.786596445,0.5489035,2.7965205,9505.765475,0.726158104,0.5605645,2.591507,14412.16806,0.638426733,0.652149,2.8885765,11802.66219
CMFLIM12 Day5 AL Animal2,5,AL,2,CMFLIM12,0.607591461,0.607218,2.9886305,8372.45252,0.60596958,0.5878055,3.029203,15170.2259,0.666256039,0.64844,3.04463,6031.605872,0.727091813,0.6357415,2.820786,14269.6302,0.656034016,0.624272,2.5784245,17166.50456,0.668142542,0.752141,3.2885465,5939.486309
CMFLIM10 Day5 AL Animal3,5,AL,3,CMFLIM10,0.660049504,0.614042,2.7105745,17079.22376,0.678631455,0.578967,2.973523,9411.662725,0.764657091,0.546707,2.574955,14241.81014,0.787974598,0.5215805,2.7072615,9625.2138,0.682740762,0.600564,2.5258545,12859.84284,#N/A,#N/A,#N/A,#N/A
CMFLIM12 Day5 AL Animal3,5,AL,3,CMFLIM12,0.65673407,0.562142,2.953596,8099.042315,0.663776431,0.5560755,2.8134525,12292.71701,0.735721393,0.6253245,2.850497,5773.93937,0.753515546,0.555789,2.7319635,9411.906561,0.736787925,0.5602395,2.6387015,11507.7646,0.665691677,0.804892,3.3346105,9486.887375
CMFLIM10 Day5 AL Animal4,5,AL,4,CMFLIM10,0.630855235,0.6030085,2.991516,11674.29318,0.677082646,0.606794,3.220348,3958.505447,0.726364811,0.596361,2.841882,7981.710987,0.788881353,0.5261285,2.786983,3794.735371,0.730330405,0.563291,2.6183715,6848.990996,0.688175593,0.5628695,2.9499315,4820.018408
CMFLIM12 Day5 AL Animal4,5,AL,4,CMFLIM12,0.672179355,0.5965895,2.9940435,8457.661615,0.695261689,0.631047,2.9603295,14098.67095,0.712516894,0.650087,2.8892485,4336.201818,0.771024896,0.5864075,2.6941455,10331.62758,0.702137706,0.6078815,2.5691515,15950.95044,#N/A,#N/A,#N/A,#N/A
CMFLIM10 Day5 AL Animal5,5,AL,5,CMFLIM10,0.674908276,0.5662475,2.753612,9419.892466,0.709759658,0.5650185,3.0442755,8596.520992,#N/A,#N/A,#N/A,#N/A,#N/A,#N/A,#N/A,#N/A,0.722407802,0.5843735,2.647604,8604.007279,0.688796952,0.6633155,3.1352255,6801.511509
CMFLIM12 Day5 AL Animal5,5,AL,5,CMFLIM12,0.685594708,0.6325005,3.187982,11767.99275,0.638770845,0.6335865,3.1598005,6192.588315,0.707543111,0.5530675,2.8039415,6361.727122,0.782241886,0.513385,2.709108,7885.834021,0.721593282,0.6077915,2.695972,11823.85413,0.620694518,0.679952,3.0065225,17744.22356
CMFLIM10 Day5 AL Animal6,5,AL,6,CMFLIM10,0.728294229,0.519523,2.9394125,9475.594084,0.74848958,0.540534,2.8256515,5234.849375,0.788649655,0.5263025,2.715918,9295.275819,0.817581677,0.4923665,2.520477,9830.424432,0.757310359,0.572857,2.667638,10385.10582,#N/A,#N/A,#N/A,#N/A
CMFLIM12 Day5 AL Animal6,5,AL,6,CMFLIM12,0.669564206,0.624152,3.065784,17594.30621,0.622348712,0.586189,3.02065,6472.155355,0.727359453,0.6477235,2.8369155,15940.53088,0.753203882,0.616327,2.8536375,8576.685961,0.70939907,0.568923,2.421939,12627.43025,#N/A,#N/A,#N/A,#N/A
CMFLIM10 Day5 AL Animal7,5,AL,7,CMFLIM10,0.728176415,0.554752,3.004986,5352.012188,0.673864465,0.526976,2.9502635,8353.070244,0.735436677,0.6215875,2.7659245,5905.459181,0.763532931,0.537304,2.781168,7673.471581,0.737777445,0.5450675,2.605061,8726.101051,#N/A,#N/A,#N/A,#N/A
CMFLIM10 Day5 AL Animal8,5,AL,8,CMFLIM10,0.683705081,0.556237,2.8822655,13664.40313,0.663760325,0.5632285,3.08398,13782.73545,0.770758293,0.617059,2.827503,9949.4506,#N/A,#N/A,#N/A,#N/A,0.750663638,0.556069,2.728277,12825.32064,#N/A,#N/A,#N/A,#N/A
CMFLIM12 Day5 AL Animal8,5,AL,8,CMFLIM12,0.673045708,0.547798,2.9995855,9504.955947,0.633061091,0.6298855,2.9891125,2705.585615,0.702731742,0.676948,2.8599155,6925.867263,0.760373782,0.737139,3.3031485,4530.380907,0.726210527,0.5899155,2.7056265,4319.566814,0.622248025,0.7027955,2.900788,2180.720577
CMFLIM10 Day5 AL Animal9,5,AL,9,CMFLIM10,0.6729308,0.5546985,2.8366895,6751.219211,0.615897509,0.6114685,2.983742,9079.245848,0.724495397,0.5886765,2.787168,4814.790218,0.742919831,0.5960655,2.783009,9018.338415,0.664812917,0.6720285,2.605248,11740.625,0.71052837,0.5389975,2.692141,6505.904284
CMFLIM12 Day5 AL Animal9,5,AL,9,CMFLIM12,#N/A,#N/A,#N/A,#N/A,0.61374993,0.5854525,2.777823,7826.052769,#N/A,#N/A,#N/A,#N/A,0.722222932,0.601814,2.6849005,7301.065948,0.701521773,0.593568,2.6166945,6949.457256,0.653453492,0.6170425,2.8008435,8359.314607
CMFLIM12 Day5 DR Animal10,5,DR,10,CMFLIM12,0.705936386,0.6716215,3.2281275,5722.507488,0.657478254,0.61073,2.9054425,8516.71303,0.701812718,0.6588845,3.171764,3322.929342,0.723700597,0.653404,2.8324995,5336.226596,0.704650213,0.560652,2.445124,11357.9627,0.697747241,0.623489,3.010353,9134.191732
CMFLIM10 Day5 DR Animal1,5,DR,1,CMFLIM10,0.715342294,0.5429965,2.851203,13255.6083,0.594873053,0.603046,2.8839875,8390.674792,0.804833715,0.4992495,2.620225,10260.65857,0.720298972,0.5697975,2.70895,4131.028878,0.704507776,0.625182,2.7911295,7485.00016,0.690286974,0.595954,2.991018,3099.852917
CMFLIM12 Day5 DR Animal1,5,DR,1,CMFLIM12,0.664255754,0.5469205,2.820325,6532.438631,0.683600475,0.571813,2.7257615,15762.36502,0.692485151,0.5921925,2.6198215,2683.225844,0.734123934,0.5748785,2.685884,6498.97574,0.740949951,0.6167495,2.6473725,8292.140419,0.745001073,0.5666125,2.811495,5814.208518
CMFLIM10 Day5 DR Animal2,5,DR,2,CMFLIM10,0.700037089,0.5404925,3.127011,7487.160176,0.694412575,0.5301355,2.811277,17335.01522,0.766682625,0.588473,3.0722205,4226.658477,0.75310715,0.594976,2.6439285,16494.72875,0.695205201,0.569028,2.459468,17381.09176,#N/A,#N/A,#N/A,#N/A
CMFLIM12 Day5 DR Animal2,5,DR,2,CMFLIM12,0.655341465,0.7957535,3.4126355,5616.397783,0.662477733,0.552227,2.794272,8995.151403,0.720824516,0.704826,3.4869545,2409.698934,0.735415097,0.6199025,2.6498405,5573.624879,0.721384974,0.583329,2.446811,5666.30278,0.700393443,0.5802825,2.823949,2642.746914
CMFLIM10 Day5 DR Animal3,5,DR,3,CMFLIM10,0.639660009,0.583127,3.0413205,5918.930642,0.713811497,0.5905835,3.185341,6204.061514,0.676354254,0.538911,2.8102105,2700.648896,0.746731192,0.576038,2.853845,6216.360029,0.722635015,0.6741395,2.9635685,10183.78084,0.679919827,0.6401405,3.597351,3868.220385
CMFLIM12 Day5 DR Animal3,5,DR,3,CMFLIM12,0.628487127,0.6571625,3.007596,12800.75276,0.656716208,0.614928,2.9329145,8639.622818,0.732667815,0.63406,2.8132445,6132.725947,0.74278766,0.6246405,2.694847,4748.111029,0.712279182,0.5526865,2.3939975,5812.78353,0.660603819,0.6141205,2.857942,3741.760081
CMFLIM10 Day5 DR Animal4,5,DR,4,CMFLIM10,0.629274977,0.595359,2.800689,2763.236854,0.620631257,0.602936,2.943319,1745.848843,0.712318842,0.588743,2.819429,2581.877832,0.746007354,0.638794,3.190845,1688.420387,0.721266133,0.631572,2.8386875,2970.502385,0.661620628,0.573039,2.8553735,5027.956426
CMFLIM12 Day5 DR Animal4,5,DR,4,CMFLIM12,0.604730239,0.689294,2.991222,7119.260785,0.658857459,0.591116,2.903253,8855.419383,0.716239699,0.685412,3.3268895,3513.690632,0.743398173,0.601298,2.6130015,6037.034016,0.699753804,0.553003,2.433675,9465.92727,0.668717667,0.6558055,3.0356495,10608.96204
CMFLIM10 Day5 DR Animal5,5,DR,5,CMFLIM10,0.588829068,0.7270225,3.51339,6559.069463,0.651775907,0.6562595,3.2844525,5091.046521,0.669774631,0.6395845,3.3172615,2892.592974,0.729227573,0.638346,3.183362,4236.232582,0.723746298,0.610694,2.9249495,6834.660544,#N/A,#N/A,#N/A,#N/A
CMFLIM12 Day5 DR Animal5,5,DR,5,CMFLIM12,0.638805037,0.597599,2.927296,13074.60057,0.645580573,0.600318,2.9284235,6896.737033,0.734123336,0.629088,2.84539,5254.862158,0.714275279,0.677481,2.766055,2775.412036,0.719567262,0.588976,2.4355895,5814.713602,0.678834895,0.6151705,2.925713,5156.941847
CMFLIM10 Day5 DR Animal6,5,DR,6,CMFLIM10,0.588678359,0.6073465,3.2791465,3572.231066,0.578215801,0.565595,3.0515355,4735.704097,0.697155605,0.5998165,3.2464555,3026.418748,0.724912752,0.563192,3.055896,3521.107655,0.733083956,0.6360155,2.903179,6151.66043,0.634430097,0.6128645,3.328721,6410.360667
CMFLIM12 Day5 DR Animal6,5,DR,6,CMFLIM12,0.661070537,0.582484,2.777401,7668.006472,0.691626956,0.5584215,2.748789,16181.13628,0.733947206,0.6151565,2.908476,2852.191483,0.738979755,0.6223605,2.6466225,10522.03671,0.727625965,0.5611215,2.3498285,15530.99862,0.705607177,0.558031,2.7757865,3666.277827
CMFLIM10 Day5 DR Animal7,5,DR,7,CMFLIM10,0.770079984,0.576602,2.8108305,6912.348779,0.594794551,0.63188,3.234862,3289.362294,0.610522431,0.6202975,3.1295375,6039.404296,0.736285084,0.66819,3.1894725,2889.453056,0.721301094,0.68256,3.093085,5194.870173,0.726755207,0.64839,3.144603,4656.127988
CMFLIM12 Day5 DR Animal7,5,DR,7,CMFLIM12,0.656457749,0.788749,3.3861615,5639.383984,0.611387621,0.628333,3.018277,9822.6312,0.729519868,0.686873,3.022017,4690.540215,0.715200396,0.6280765,2.7115125,5147.922691,0.675752695,0.598961,2.472576,9601.288483,0.67106859,0.5955875,2.818465,2401.998799
CMFLIM12 Day5 DR Animal8,5,DR,8,CMFLIM12,#N/A,#N/A,#N/A,#N/A,0.700620731,0.539769,2.8215045,4521.686523,#N/A,#N/A,#N/A,#N/A,0.72015763,0.659422,2.8478875,7517.53115,0.630901488,0.6317815,2.4732195,7408.170394,#N/A,#N/A,#N/A,#N/A
CMFLIM10 Day5 DR Animal9,5,DR,9,CMFLIM10,0.632153969,0.635378,3.4137335,10247.55209,0.558078054,0.721825,3.1767165,2692.821677,0.743513512,0.617936,2.9970815,13306.34157,0.710287916,0.5888555,2.734525,6179.03908,0.712803568,0.5855185,2.7504235,4009.853576,0.75718514,0.628366,3.4995005,6087.524662
CMFLIM12 Day5 DR Animal9,5,DR,9,CMFLIM12,0.630273735,0.681627,3.295294,16818.88402,0.675485964,0.645976,3.372515,6572.624995,0.679708372,0.622236,3.152313,8235.301575,0.702028513,0.6442575,2.990193,5394.312921,0.686063527,0.587687,2.89816,3481.007839,0.696576356,0.591913,2.9500625,10723.25726
CMFLIM14 Day7 AL Animal10,7,AL,10,CMFLIM14,0.686900638,0.55892,3.011656,8298.003047,0.725563852,0.510438,2.7082945,3607.226784,0.769926899,0.5551635,2.9435525,4097.297479,0.726716274,0.6414335,2.8465885,4064.240704,0.716982277,0.6050855,2.663576,4641.162069,0.69501702,0.7266365,3.311332,3115.640017
CMFLIM10 Day7 AL Animal1,7,AL,1,CMFLIM10,#N/A,#N/A,#N/A,#N/A,0.710860686,0.5171525,2.7233605,3426.924214,0.759279192,0.5416485,2.697497,9026.722371,0.798386849,0.475951,2.4584085,3211.867174,0.740183568,0.5213955,2.431595,3058.54142,#N/A,#N/A,#N/A,#N/A
CMFLIM14 Day7 AL Animal1,7,AL,1,CMFLIM14,0.647789542,0.5502425,2.8420585,15480.47288,0.46531551,0.651614,3.2570815,2497.481506,0.735114685,0.5897635,2.67467,14278.60666,0.780636141,0.5270795,2.725108,2165.086965,0.68783471,0.483243,2.838322,3829.166484,0.690876772,0.560999,2.9012775,3910.859927
CMFLIM10 Day7 AL Animal2,7,AL,2,CMFLIM10,0.633185899,0.601586,3.293044,6034.932111,0.495623296,0.6883125,4.396401,17561.8332,0.746103522,0.523057,2.8942715,12233.4088,0.791971203,0.5069,2.842633,6007.438964,0.471372116,0.65897,4.240469,17952.68571,0.66212241,0.606242,2.7391175,5327.04101
CMFLIM10 Day7 AL Animal3,7,AL,3,CMFLIM10,0.540255034,0.7900765,4.112243,6641.25665,0.622634328,0.687208,3.446447,4171.079553,0.67366939,0.696711,3.1935045,2460.316891,0.73501415,0.5863925,3.0082375,2566.794754,0.681951783,0.618333,3.2380175,3678.227291,#N/A,#N/A,#N/A,#N/A
CMFLIM14 Day7 AL Animal3,7,AL,3,CMFLIM14,0.702061614,0.5629765,3.07142,6118.260324,0.75496827,0.488326,2.8143475,16871.38201,0.75981107,0.5064585,2.6798525,3297.411047,0.799854396,0.494723,2.493211,16478.88897,0.723815581,0.54569,2.57719,17785.05534,0.666801442,0.7088675,3.1213655,4684.106196
CMFLIM10 Day7 AL Animal4,7,AL,4,CMFLIM10,0.771535902,0.4486745,2.497834,10485.47987,0.717327136,0.498743,2.6140395,1783.40714,0.761591949,0.5798535,2.7804905,4597.126262,0.7696946,0.5800215,2.7159165,1900.330718,0.709428888,0.548678,2.4371705,2676.567657,0.699190806,0.5826055,2.798771,5132.400649
CMFLIM14 Day7 AL Animal4,7,AL,4,CMFLIM14,0.749969635,0.4858355,2.7051505,14370.78867,0.786661078,0.4796275,2.651201,8722.435487,0.791634901,0.5041075,2.632416,7993.239368,0.789874931,0.61794,2.8935725,7710.493761,0.749210239,0.5549215,2.7373535,13024.50063,#N/A,#N/A,#N/A,#N/A
CMFLIM10 Day7 AL Animal5,7,AL,5,CMFLIM10,#N/A,#N/A,#N/A,#N/A,0.667700053,0.5681675,2.9177145,5041.333497,0.697204424,0.709761,3.411315,7859.276113,0.748122557,0.568857,2.7466545,3975.541972,0.697970351,0.577166,2.8306025,5431.609782,#N/A,#N/A,#N/A,#N/A
CMFLIM14 Day7 AL Animal5,7,AL,5,CMFLIM14,0.61420435,0.643136,3.9052395,4661.821538,0.500661152,0.6916385,4.1582965,7049.978163,0.62427846,0.6803285,4.552979,3693.653202,0.739892795,0.596628,2.8429725,4318.655473,#N/A,#N/A,#N/A,#N/A,0.609842742,0.6113425,3.414702,4897.365214
CMFLIM14 Day7 AL Animal6,7,AL,6,CMFLIM14,#N/A,#N/A,#N/A,#N/A,0.683858939,0.6135255,3.0689895,4321.94942,#N/A,#N/A,#N/A,#N/A,0.757520511,0.536754,2.9461385,4653.117508,0.668190839,0.6444975,3.731914,5066.379218,#N/A,#N/A,#N/A,#N/A
CMFLIM14 Day7 AL Animal7,7,AL,7,CMFLIM14,0.722842395,0.530687,2.730173,13463.09312,0.712175846,0.5335235,2.7570925,4486.662809,0.790486829,0.4961035,2.5601195,13407.00064,0.727505702,0.6050715,2.784613,4063.363109,0.746238041,0.5564125,2.7786805,5723.80099,0.649099728,0.634701,3.364378,7606.567252
CMFLIM10 Day7 AL Animal8,7,AL,8,CMFLIM10,0.51084634,0.9008115,4.20122,12449.56251,0.430727154,1.4285235,6.22886,9964.381421,0.676840203,0.7726505,3.579077,3406.56948,0.648577954,0.6395755,3.276191,7809.638382,0.416410832,0.7288385,4.5176195,8828.994291,#N/A,#N/A,#N/A,#N/A
CMFLIM14 Day7 AL Animal8,7,AL,8,CMFLIM14,0.697669079,0.52814,2.810859,9792.211437,0.723857384,0.5195375,2.7508775,6526.369995,0.743287155,0.527502,2.461159,6288.580702,0.685985135,0.6764695,2.807405,5364.664296,0.709834794,0.591477,2.8008825,7061.36659,0.640590814,0.6621165,3.081514,4112.524462
CMFLIM14 Day7 AL Animal9,7,AL,9,CMFLIM14,0.51679297,0.5848825,4.3695005,5146.321653,0.674835918,0.6244225,3.0938805,9176.359947,0.722057614,0.584371,3.3565915,3217.08987,0.736731869,0.5848705,2.7181255,7056.102837,0.716623563,0.592917,2.7472485,6575.26811,#N/A,#N/A,#N/A,#N/A
CMFLIM10 Day7 DR Animal1,7,DR,1,CMFLIM10,0.650674145,0.583028,2.730628,6290.821724,0.581233546,0.5822565,2.7892335,7438.209477,0.682389593,0.6033305,2.8049035,4129.276854,0.71045304,0.578346,2.669681,7390.650821,0.731515353,0.5816135,2.697935,6771.303317,0.691204398,0.5761075,2.898256,2952.916651
CMFLIM14 Day7 DR Animal1,7,DR,1,CMFLIM14,0.695856231,0.5916645,2.996253,5059.043923,0.703733355,0.584696,3.087665,7176.842207,0.670012572,0.5791935,2.8585245,1880.786573,0.721329066,0.6011905,3.0603675,3750.734312,0.712820793,0.632648,3.0035925,6255.651051,#N/A,#N/A,#N/A,#N/A
CMFLIM10 Day7 DR Animal2,7,DR,2,CMFLIM10,#N/A,#N/A,#N/A,#N/A,0.615812898,0.723628,3.875912,7344.777277,#N/A,#N/A,#N/A,#N/A,0.704294182,0.574443,2.909561,2842.189335,0.617913287,0.68243,3.608593,6566.883363,#N/A,#N/A,#N/A,#N/A
CMFLIM10 Day7 DR Animal3,7,DR,3,CMFLIM10,0.713454154,0.51502,2.7642505,6264.046938,0.663702317,0.5292945,2.804205,13236.73794,0.759622297,0.5601955,2.7018865,3744.81757,0.739025349,0.64358,3.1474965,5622.719731,0.691901559,0.6517755,2.7430035,7076.551416,#N/A,#N/A,#N/A,#N/A
CMFLIM14 Day7 DR Animal3,7,DR,3,CMFLIM14,0.645930722,0.5688545,2.9571285,5990.06985,0.648813927,0.589542,2.9956305,8844.915105,0.671363818,0.5220645,2.652955,2312.554293,0.674148633,0.567946,2.86369,4161.500315,0.706896802,0.649227,3.09675,8704.564303,#N/A,#N/A,#N/A,#N/A
CMFLIM10 Day7 DR Animal4,7,DR,4,CMFLIM10,0.542078688,0.7366825,3.8044475,16895.44186,0.551775056,0.6717985,4.0878045,7975.333455,0.715052616,0.644385,3.3192,6414.606051,0.647088061,0.7476895,3.8550315,8526.132267,0.676934669,0.698067,3.2400895,8789.096363,#N/A,#N/A,#N/A,#N/A
CMFLIM14 Day7 DR Animal4,7,DR,4,CMFLIM14,0.696298578,0.553173,2.966211,15988.23361,0.674192664,0.5408935,2.775321,11848.58045,0.74077295,0.506403,2.556109,5518.393765,0.749419302,0.6650345,2.822463,7446.749462,0.751724932,0.5565505,2.4927055,10174.52247,0.656599973,0.541783,2.7885345,5546.001661
CMFLIM10 Day7 DR Animal5,7,DR,5,CMFLIM10,0.568785031,0.619309,3.8664725,7574.629537,0.604574912,0.6964805,3.5022525,7394.664858,0.622450036,0.599767,3.5899985,3532.141719,0.656420406,0.611053,3.369486,4407.211432,0.697986159,0.5527955,3.043102,3631.498119,#N/A,#N/A,#N/A,#N/A
CMFLIM14 Day7 DR Animal5,7,DR,5,CMFLIM14,0.64280932,0.6082935,3.1036975,7207.705877,0.773327202,0.634233,3.249703,5744.902118,0.759072113,0.616759,2.67284,4511.59628,0.793268142,0.65806,3.0589575,2355.924985,0.811127181,0.5577995,2.730391,3480.033782,0.733261481,0.578662,3.3279145,3025.668552
CMFLIM10 Day7 DR Animal6,7,DR,6,CMFLIM10,0.501038399,0.6198525,3.77154,11140.87809,0.516296272,0.505462,3.2510085,5668.538901,0.560119166,0.591248,3.9397705,8595.652433,#N/A,#N/A,#N/A,#N/A,0.603779278,0.653305,4.0621015,4888.362854,#N/A,#N/A,#N/A,#N/A
CMFLIM14 Day7 DR Animal6,7,DR,6,CMFLIM14,0.649262342,0.6517435,3.165059,4851.651561,0.684542925,0.5884625,3.0796335,5589.292587,0.757533879,0.569898,2.6522735,4067.440637,0.760655518,0.681309,3.2523165,4253.072486,0.773911599,0.588646,2.989224,4714.564343,0.737774916,0.5489165,2.926681,5137.16981
CMFLIM10 Day7 DR Animal7,7,DR,7,CMFLIM10,0.525280263,0.586651,3.9832335,10359.52041,0.585751287,0.5863215,3.4500185,8974.844834,0.702143043,0.5713595,2.983382,5874.619994,0.664096205,0.64926,3.2677595,8906.819713,0.666477668,0.637628,2.9638865,9822.131983,#N/A,#N/A,#N/A,#N/A
CMFLIM14 Day7 DR Animal7,7,DR,7,CMFLIM14,0.686881096,0.6548765,3.377083,7427.497286,0.678996216,0.584134,2.9633465,4365.581255,0.768120224,0.579612,2.7918915,4211.565696,0.762900865,0.628702,2.8353935,3913.56056,0.770013978,0.5855745,2.668413,5716.75937,0.689249827,0.61844,2.96967,4902.090005
CMFLIM10 Day7 DR Animal8,7,DR,8,CMFLIM10,0.558200598,0.5764575,3.228614,5706.628719,0.553435473,0.600186,3.8402825,5656.656121,0.769958314,0.533853,2.652863,3499.554614,0.541034401,0.529177,3.609517,5001.120655,0.679187031,0.707828,3.5500285,5698.138645,#N/A,#N/A,#N/A,#N/A
CMFLIM14 Day7 DR Animal8,7,DR,8,CMFLIM14,0.690401001,0.5957985,3.1343515,11934.16211,0.718402054,0.57381,2.939365,4146.370523,0.788072714,0.58839,2.7811975,9538.924002,0.747463899,0.6131145,2.6905205,3088.800375,0.724999281,0.590319,2.8331835,7183.938485,#N/A,#N/A,#N/A,#N/A
CMFLIM14 Day7 DR Animal9,7,DR,9,CMFLIM14,0.636617228,0.559408,3.0009665,8172.666998,0.685607344,0.6187135,3.027885,4173.101577,0.739572768,0.5928865,2.709966,4240.384643,0.741097686,0.628155,2.863039,6606.806428,0.682321828,0.6058875,2.67198,5192.074427,0.636595069,0.574297,2.8090985,3513.285995
CMFLIM10 Day9 AL Animal10,9,AL,10,CMFLIM10,#N/A,#N/A,#N/A,#N/A,0.512186394,0.707218,4.6902775,1522875,0.727142142,0.549894,3.2035705,4355.361598,0.735020205,0.5588905,3.13481,736166.6667,0.479833037,0.6842715,4.694569,1355600.017,#N/A,#N/A,#N/A,#N/A
CMFLIM10 Day9 AL Animal11,9,AL,11,CMFLIM10,0.494680161,0.677447,4.847652,12070.94709,0.600220808,0.7634375,3.5755045,6995.735987,#N/A,#N/A,#N/A,#N/A,0.74254092,0.6040705,2.958977,3304.079212,0.515229122,0.573247,3.652812,9415.264023,#N/A,#N/A,#N/A,#N/A
CMFLIM12 Day9 AL Animal11,9,AL,11,CMFLIM12,#N/A,#N/A,#N/A,#N/A,0.657163845,0.5799475,2.9488245,3752.831921,0.67188585,0.6249295,3.705931,6530.079236,0.748449273,0.6028575,2.7325105,5542.406512,0.668114454,0.640675,2.971435,6482.685401,#N/A,#N/A,#N/A,#N/A
CMFLIM14 Day9 AL Animal11,9,AL,11,CMFLIM14,0.519961325,0.6368645,3.6833845,16256.60633,0.667797054,0.5756215,3.145113,8659.608255,0.687140737,0.564686,3.4458695,10257.26076,0.736459292,0.631917,3.1511615,7738.646865,0.664463868,0.5523565,3.1786565,11262.55746,#N/A,#N/A,#N/A,#N/A
CMFLIM12 Day9 AL Animal12,9,AL,12,CMFLIM12,0.687176208,0.5429355,2.733931,9747.529073,0.715976487,0.5414885,2.9067425,9132.064117,0.770746936,0.5686485,2.591148,5735.897491,0.734284439,0.592122,2.6843935,7401.689583,0.728478918,0.573496,2.67242,10957.76374,#N/A,#N/A,#N/A,#N/A
CMFLIM14 Day9 AL Animal13,9,AL,13,CMFLIM14,0.56664402,0.5990685,3.735745,12061.3787,0.632127138,0.635357,3.0983455,10052.53872,0.759579627,0.566382,2.966976,7274.361483,0.744642345,0.5848025,2.7743035,12635.40324,0.680902433,0.616288,3.134144,10888.48881,#N/A,#N/A,#N/A,#N/A
CMFLIM10 Day9 AL Animal1,9,AL,1,CMFLIM10,0.782774156,0.502833,2.844323,8599.644531,0.795841437,0.4645735,2.739584,8523.110812,0.721497307,0.5207625,2.3872515,7314.707671,0.695497916,0.6471865,2.836505,8768.58507,0.676392111,0.6247495,2.930606,8389.816287,#N/A,#N/A,#N/A,#N/A
CMFLIM12 Day9 AL Animal1,9,AL,1,CMFLIM12,0.762423278,0.4924165,2.751283,10775.46862,0.759675564,0.4961415,2.672229,9839.204545,0.789936805,0.5407505,2.5470335,8169.378248,0.780424568,0.5189115,2.4627845,12328.55596,0.763290367,0.505484,2.529836,14471.95081,0.643963512,0.5805745,3.1616835,12707.05398
CMFLIM10 Day9 AL Animal2,9,AL,2,CMFLIM10,0.724319421,0.5360915,2.853453,10598.21558,0.706742077,0.54643,2.7942385,8319.360717,0.77591691,0.535764,2.7390555,6173.832924,0.786832702,0.535184,2.574179,9962.505454,0.735023356,0.550431,2.632423,8837.952191,#N/A,#N/A,#N/A,#N/A
CMFLIM12 Day9 AL Animal2,9,AL,2,CMFLIM12,0.55842554,0.7727285,4.7451075,12633.95552,0.587029708,0.7246445,4.147011,17113.53982,0.758707259,0.5214095,2.8728835,6289.490721,0.744282034,0.6311435,3.191255,8124.673271,0.624224918,0.539506,3.7709955,4298.902211,#N/A,#N/A,#N/A,#N/A
CMFLIM12 Day9 AL Animal3,9,AL,3,CMFLIM12,0.698015343,0.6091665,2.929837,10962.55525,0.675402716,0.4898795,2.5968975,3931.802933,0.820477668,0.4966405,2.5004565,8683.248797,0.802383193,0.5236315,2.54874,7049.493813,0.717910559,0.598669,2.7307755,8363.684378,0.538496685,0.684346,5.2936685,3953.007519
CMFLIM12 Day9 AL Animal4,9,AL,4,CMFLIM12,0.686272823,0.5585535,3.265169,4211.258623,0.608022474,0.7396,3.0600415,13443.39405,0.780078132,0.5495895,2.6199165,4187.357474,0.813974558,0.5505945,2.7746325,13282.94047,#N/A,#N/A,#N/A,#N/A,0.699925144,0.586987,3.3835485,8129.006969
CMFLIM14 Day9 AL Animal4,9,AL,4,CMFLIM14,#N/A,#N/A,#N/A,#N/A,0.589073693,0.680061,4.640968,17577.18155,0.398198981,0.7547225,4.8054285,9943.769712,0.454038693,0.6157495,4.472159,4966.412177,0.48290605,0.586192,4.207822,14111.56667,#N/A,#N/A,#N/A,#N/A
CMFLIM10 Day9 AL Animal5,9,AL,5,CMFLIM10,0.692506638,0.551711,2.8438585,5802.300443,0.719735182,0.5444185,2.7032425,4688.531184,0.779197736,0.5206065,2.6510385,2786.964599,0.759986983,0.5792135,2.8010295,5012.601363,0.76011867,0.518278,2.602072,10200.72886,#N/A,#N/A,#N/A,#N/A
CMFLIM14 Day9 AL Animal5,9,AL,5,CMFLIM14,#N/A,#N/A,#N/A,#N/A,0.448740563,0.5805275,4.5255945,6687.719264,0.557332159,0.545418,4.315646,16578.77998,0.57198147,0.545621,4.089179,6869.580851,0.588462443,0.605018,4.099035,13819.20612,#N/A,#N/A,#N/A,#N/A
CMFLIM10 Day9 AL Animal6,9,AL,6,CMFLIM10,0.710876295,0.5446075,2.707153,11669.15086,0.666063955,0.535005,2.804393,8393.267304,0.727813248,0.613682,2.6010725,3831.527664,0.727871369,0.7201955,2.9588905,8916.097828,0.711084119,0.679887,2.8089235,7669.822377,#N/A,#N/A,#N/A,#N/A
CMFLIM12 Day9 AL Animal6,9,AL,6,CMFLIM12,0.642978614,0.637992,3.452194,7842.6899,0.654265759,0.611627,3.2511235,8756.738295,0.785065839,0.5281435,2.6422085,7113.625785,0.755155945,0.588008,2.7229075,11012.13982,0.710293001,0.5756395,2.731265,8229.207681,#N/A,#N/A,#N/A,#N/A
CMFLIM14 Day9 AL Animal6,9,AL,6,CMFLIM14,0.578936893,0.8773655,4.056191,14367.38509,0.558896108,0.5627255,3.6360205,7223.212249,0.659312852,0.5498065,3.2163575,6901.037847,0.659084968,0.569381,3.2760465,2803.929401,0.628561914,0.539559,3.187796,8081.29434,#N/A,#N/A,#N/A,#N/A
CMFLIM12 Day9 AL Animal7,9,AL,7,CMFLIM12,#N/A,#N/A,#N/A,#N/A,0.654603294,0.5767025,3.1298265,3008.220646,0.728237888,0.531363,3.615935,3141.809866,0.75627065,0.568591,2.669514,3037.366518,0.694247999,0.624472,3.0819705,3870.322896,#N/A,#N/A,#N/A,#N/A
CMFLIM12 Day9 AL Animal8,9,AL,8,CMFLIM12,0.661399088,0.5865675,3.134218,9724.977906,0.705031076,0.526657,2.8443015,4124.660049,0.748178952,0.5449065,2.72316,6945.557033,0.745704629,0.638132,2.712856,5266.558871,0.703832978,0.587573,2.85994,4796.186035,#N/A,#N/A,#N/A,#N/A
CMFLIM14 Day9 AL Animal8,9,AL,8,CMFLIM14,0.541521967,0.7443345,4.230617,16103.84738,0.528914936,0.746663,3.536615,7610.692058,0.603424342,0.6747375,4.400845,8923.108453,0.778744978,0.6069165,2.985489,7077.971853,0.623179759,0.630315,3.2980665,5158.131177,#N/A,#N/A,#N/A,#N/A
CMFLIM10 Day9 AL Animal9,9,AL,9,CMFLIM10,0.666169224,0.572077,3.050305,12399.7355,0.660263853,0.6091665,3.035727,8606.002222,0.762099776,0.579486,3.104173,7471.544478,0.791015198,0.54011,2.5609845,5609.575132,0.650025693,0.4874625,3.188675,6109.364567,#N/A,#N/A,#N/A,#N/A
CMFLIM12 Day9 AL Animal9,9,AL,9,CMFLIM12,0.688564083,0.6056815,2.922247,2507.184143,0.722056125,0.524175,2.8154885,5206.04296,0.764429837,0.562158,2.6458795,4152.338388,0.757815918,0.5424255,2.5508405,8945.811473,0.759794064,0.5350135,2.5222385,8212.695464,#N/A,#N/A,#N/A,#N/A
CMFLIM10 Day9 DR Animal10,9,DR,10,CMFLIM10,0.6928045,0.570017,2.8695455,9503.594392,0.664678523,0.533199,2.784084,5175.908672,0.743811423,0.606108,2.648333,4845.842405,0.707134858,0.6077245,2.7684465,1649.59645,0.663028997,0.6158645,2.5859805,4620.65361,#N/A,#N/A,#N/A,#N/A
CMFLIM10 Day9 DR Animal11,9,DR,11,CMFLIM10,0.66284766,0.6301835,3.195472,4501.308773,0.656717704,0.635469,2.9654095,264.0404597,0.689007812,0.561274,3.0183215,3035.708596,0.726609463,0.6034815,2.827788,177.8162081,0.698411316,0.6709265,3.1587115,317.1356678,#N/A,#N/A,#N/A,#N/A
CMFLIM10 Day9 DR Animal1,9,DR,1,CMFLIM10,#N/A,#N/A,#N/A,#N/A,0.714086033,0.533151,2.9448715,8660.951714,#N/A,#N/A,#N/A,#N/A,0.696720911,0.6125865,3.212379,5002.136269,0.69208064,0.5768175,3.1065075,5287.868019,#N/A,#N/A,#N/A,#N/A
CMFLIM12 Day9 DR Animal1,9,DR,1,CMFLIM12,0.712137476,0.568229,2.991418,5656.057714,0.702922609,0.514582,2.7892215,5282.910453,0.734242131,0.744863,3.080566,3523.768743,0.733999922,0.629342,2.690025,3692.366246,0.762296103,0.5375925,2.376237,7510.399941,0.606343392,0.6344675,2.9523985,4598.375474
CMFLIM14 Day9 DR Animal1,9,DR,1,CMFLIM14,0.713413415,0.5926435,2.894458,15338.99814,0.722468046,0.5969955,3.1167125,10780.40976,0.711513759,0.5491105,2.579277,11949.07871,0.725615051,0.6163,2.74863,10326.52502,0.784655249,0.549785,2.552311,13335.59008,#N/A,#N/A,#N/A,#N/A
CMFLIM10 Day9 DR Animal2,9,DR,2,CMFLIM10,0.662902592,0.6040425,3.0587915,5359.765051,0.685023399,0.6052745,3.1592255,9165.285184,0.759793565,0.6118945,2.829286,3263.443124,0.732406432,0.57849,2.987204,8599.59037,0.730876752,0.590763,2.980443,6909.792303,#N/A,#N/A,#N/A,#N/A
CMFLIM12 Day9 DR Animal2,9,DR,2,CMFLIM12,0.719714326,0.5573235,2.750534,10434.7023,0.656085274,0.5578575,2.68564,5285.554929,0.715223785,0.575677,2.723395,17758.59883,0.719114974,0.6562225,2.761561,5512.301038,0.727602673,0.5303865,2.3832165,7281.671511,0.64892535,0.686285,3.3266255,7895.424837
CMFLIM14 Day9 DR Animal2,9,DR,2,CMFLIM14,0.681585319,0.851851,3.6552075,14042.47938,0.646949828,0.6329845,2.8957,9991.36782,0.714696993,0.7148955,3.144772,4310.426173,0.727600069,0.671013,2.935276,7285.438738,0.70380136,0.603873,2.532922,7970.498562,#N/A,#N/A,#N/A,#N/A
CMFLIM10 Day9 DR Animal3,9,DR,3,CMFLIM10,0.622562049,0.6514615,2.917911,2953.670304,0.625096043,0.6000855,2.9469745,11042.1828,0.706675544,0.5201075,2.6535885,7201.249607,0.715065726,0.5745235,2.778923,3169.199398,0.6033789,0.6354275,2.5200105,7284.536433,#N/A,#N/A,#N/A,#N/A
CMFLIM12 Day9 DR Animal3,9,DR,3,CMFLIM12,0.614253197,0.59641,2.9488585,1444.13392,0.764927407,0.6779285,2.961711,7585.636576,0.749159892,0.588044,2.562396,4794.13138,0.692703874,0.535387,2.678781,6751.302644,0.751534205,0.567484,2.5181155,7769.408911,#N/A,#N/A,#N/A,#N/A
CMFLIM14 Day9 DR Animal3,9,DR,3,CMFLIM14,0.699241784,0.569857,2.855998,10832.89603,0.635931642,0.589004,2.938053,10952.27418,0.752339648,0.5648395,2.573471,8034.02349,0.734734994,0.597618,2.7586485,6746.023741,0.72544021,0.6144895,2.7151975,12322.59923,0.705921865,0.587241,3.020046,16089.22573
CMFLIM10 Day9 DR Animal4,9,DR,4,CMFLIM10,0.652996723,0.6861945,3.1805665,7095.77971,0.650937187,0.621742,3.226746,5510.20903,0.691400951,0.4977005,2.74638,6714.898971,0.703468695,0.638344,3.1440725,4266.692614,0.753309468,0.6379115,3.0531345,11711.39652,#N/A,#N/A,#N/A,#N/A
CMFLIM12 Day9 DR Animal4,9,DR,4,CMFLIM12,0.676225074,0.588964,2.9129175,7460.464311,0.674146864,0.55096,2.7590515,4978.862788,0.728503198,0.6993065,2.9221635,3111.397214,0.721647987,0.6558255,2.868354,2551.703446,0.759607208,0.617398,2.5987445,5141.877178,0.684222924,0.5658425,2.85917,3767.931619
CMFLIM14 Day9 DR Animal4,9,DR,4,CMFLIM14,#N/A,#N/A,#N/A,#N/A,0.647149055,0.649609,3.4492345,7571.961564,#N/A,#N/A,#N/A,#N/A,0.722377653,0.6795435,3.719583,5581.695332,0.689653584,0.621201,3.1277375,5094.035344,#N/A,#N/A,#N/A,#N/A
CMFLIM10 Day9 DR Animal5,9,DR,5,CMFLIM10,0.670152097,0.5319355,2.865278,9654.615641,0.691247534,0.612,3.1319685,7755.659618,0.702102602,0.652575,2.967843,4155.655596,0.707639839,0.591054,2.893558,6127.973165,0.694830799,0.6504395,2.9734775,6713.379044,#N/A,#N/A,#N/A,#N/A
CMFLIM12 Day9 DR Animal5,9,DR,5,CMFLIM12,0.673098352,0.564454,2.7016575,15988.7325,0.671249091,0.5623325,2.9166075,6445.068073,0.753539836,0.5992625,2.7511945,6266.015203,0.715348982,0.6094925,2.5719795,5180.710015,0.749317674,0.5719485,2.493197,7611.730349,0.676665563,0.6292765,2.9173435,2799.166465
CMFLIM10 Day9 DR Animal6,9,DR,6,CMFLIM10,0.612068827,0.643183,3.0256285,12260.63666,0.626199697,0.590502,3.004597,4580.012106,0.709253824,0.5630265,2.637911,5113.63203,0.748130206,0.589043,2.80623,3216.927411,0.668267269,0.68353,2.7440615,4461.425954,#N/A,#N/A,#N/A,#N/A
CMFLIM12 Day9 DR Animal6,9,DR,6,CMFLIM12,0.643951452,0.6808935,2.835059,9025.788696,0.648470211,0.617317,2.8396685,10179.94825,0.752463183,0.649901,2.78908,7253.602427,0.744190175,0.6233395,2.767652,9800.669871,0.742283298,0.551709,2.3732265,13822.11051,0.706255859,0.564465,2.8056285,3681.19946
CMFLIM10 Day9 DR Animal7,9,DR,7,CMFLIM10,0.609262696,0.6589175,3.938742,9562.581657,0.664042087,0.616717,2.9489215,9983.316228,0.720458413,0.667164,3.538504,3614.445534,0.698528712,0.6418555,2.9493985,10755.5174,0.661378511,0.744489,3.21914,8917.949883,#N/A,#N/A,#N/A,#N/A
CMFLIM12 Day9 DR Animal7,9,DR,7,CMFLIM12,#N/A,#N/A,#N/A,#N/A,0.649794259,0.580089,2.9361895,6003.680514,0.757077931,0.5910655,2.7315965,5001.799061,0.758065214,0.618386,2.8272265,4680.288719,0.669629503,0.624162,2.4723065,5247.628007,0.692870915,0.6192485,2.9554985,4536.877252
CMFLIM10 Day9 DR Animal8,9,DR,8,CMFLIM10,0.623690796,0.658728,3.3190635,17812.96094,0.629658452,0.6710765,2.92367,9647.419081,0.666116692,0.668117,3.3662965,14542.59302,0.752423921,0.6278105,2.9479165,6873.753151,0.727755486,0.5998465,2.697592,8032.653083,#N/A,#N/A,#N/A,#N/A
CMFLIM12 Day9 DR Animal8,9,DR,8,CMFLIM12,0.760059658,0.5490115,2.685018,17446.42906,0.621605296,0.610663,2.8104525,5783.064541,0.759660765,0.5893175,2.657662,13087.08511,0.717203846,0.6200675,2.686266,5791.056911,0.751643465,0.6088375,2.507612,10136.97347,#N/A,#N/A,#N/A,#N/A
